Price,Model,CPU,Graphics,RAM,HDD,SSD,Display,Budget,Rate_From_10,Image_Url,Best_For,Final_Budget,Notes,Brand,Type
$1005,Asus Zenbook UX430UA,i7-8550U,Intel UHD Graphics 620,16GB,-,512GB,"14"" 1920x1080 IPS",Medium/Med-High,7,-,"mainstream,programming",$1005 'Medium/Med-High',"mainstream,programming",Asus,Top
$1007,Lenovo ThinkPad T470p*,i5-7300HQ,Intel Graphics 630,8GB,500GB 7200RPM,-,"14"" 1920x1080 IPS",Medium/Med-High,9,-,programming,$1007 'Medium/Med-High',programming,Lenovo,Top
$1046,Dell Latitude 15 E5580*,i5-7200U,Intel Graphics 620,8GB,500GB 7200RPM,-,"15.6"" 1920x1080 IPS",Medium/Med-High,10,-,programming,$1046 'Medium/Med-High',programming,Dell,Top
$1049,Dell XPS 13 9370 Dev. Edition,i5-8250U,Intel UHD Graphics 620,8GB,-,128GB PCIe,"13.3"" 1920x1080 IPS",Medium/Med-High,9,-,programming,$1049 'Medium/Med-High',programming,Dell,Top
$1055,Lenovo ThinkPad T470s*,i5-7200U,Intel Graphics 620,8GB,-,128GB,"14"" 1920x1080 IPS",Medium/Med-High,9,-,programming,$1055 'Medium/Med-High',programming,Lenovo,Top
$1071,Lenovo ThinkPad Yoga 460*,i5-6200U,Intel Graphics 520,8GB,-,128GB,"14"" 1920x1080 IPS Touch w/ Pen",Medium/Med-High,8,-,convertible,$1071 'Medium/Med-High',convertible,Lenovo,Top
$1080,MSI GF63 THIN 9SC-614,Core i5-9300H,NVIDIA GTX 1650 4GB,8GB,-,512GB,"15.6"" 1920x1080 60Hz IPS",Medium/Med-High,7,-,gaming,$1080 'Medium/Med-High',gaming,MSI,Top
$1099,HP Spectre 13,i7-7500U,Intel Graphics 620,8GB,-,256GB PCIe,"13.3"" 1920x1080 IPS",Medium/Med-High,9,-,ultraportable,$1099 'Medium/Med-High',ultraportable,HP,Top
$1099,Lenovo Legion Y545 1650,Core i7-9750H,NVIDIA GTX 1650 4GB,16GB,1TB,256GB,"15.6"" 1920x1080 60Hz IPS",Medium/Med-High,8,-,gaming,$1099 'Medium/Med-High',gaming,Lenovo,Top
$1119,Dell XPS 15 9560 (i5 refurb),i5-7300HQ,Nvidia GTX 1050,8GB,-,256GB PCIe,"15.6"" 3840x2160 IPS Touch",Medium/Med-High,10,-,"mainstream,programming",$1119 'Medium/Med-High',"mainstream,programming",Dell,Top
$1149,Dell G5 15,Core i7-10750H,NVIDIA GTX 1650Ti 4GB,16GB,-,512GB,"15.6"" 1920x1080 60hz",Medium/Med-High,7,-,gaming,$1149 'Medium/Med-High',gaming,Dell,Top
$1149,Dell XPS 13 9370,i5-8250U,Intel UHD Graphics 620,8GB,-,128GB PCIe,"13.3"" 1920x1080 IPS",Medium/Med-High,9,-,"mainstream,programming",$1149 'Medium/Med-High',"mainstream,programming",Dell,Top
$1151,Lenovo ThinkPad Yoga 260*,i5-6200U,Intel Graphics 520,8GB,-,128GB,"12.5"" 1920x1080 IPS Touch w/ Pen",Medium/Med-High,9,-,convertible,$1151 'Medium/Med-High',convertible,Lenovo,Top
$1159,HP OMEN 15,Ryzen 7 4800H,NVIDIA GTX 1660 Ti 6GB,16GB,-,1TB,"15.6"" 1920x1080 144Hz IPS",Medium/Med-High,8,-,gaming,$1159 'Medium/Med-High',gaming,HP,Top
$1178,Acer Predator Helios 300,Core i7-10750H,NVIDIA RTX 2060 6GB,16GB,-,512GB,"15.6"" 1920x1080 144Hz IPS",Medium/Med-High,7,-,gaming,$1178 'Medium/Med-High',gaming,Acer,Top
$1186,Asus TUF A15 2060,Ryzen 7 4800H,NVIDIA RTX 2060 6GB,16GB,-,1TB,"15.6"" 1920x1080 144Hz IPS",Medium/Med-High,8,-,gaming,$1186 'Medium/Med-High',gaming,Asus,Top
$1199,Asus TUF FX505,Ryzen 7 R7-3750H,NVIDIA RTX 2060 8GB,16GB,-,512GB,"15.6"" 1920x1080 60Hz IPS",Medium/Med-High,8,-,gaming,$1199 'Medium/Med-High',gaming,Asus,Top
$1199,Lenovo Legion Y540,Core i7-9750H,NVIDIA GTX 1650 4GB,24GB,1TB,512GB,"15.6"" 1920x1080 60Hz IPS",Medium/Med-High,8,-,gaming,$1199 'Medium/Med-High',gaming,Lenovo,Top
$1199,Lenovo Yoga 910 13,i7-7500U,Intel Graphics 620,8GB,-,256GB,"13.3"" 3200x1800 IPS Touch",Medium/Med-High,8,-,convertible,$1199 'Medium/Med-High',convertible,Lenovo,Top
$1202,Asus Zenbook UX303UB,i7-6500U,Nvidia GT 940M,12GB,-,512GB,"13.3"" 3200x1800 IPS Touch",Medium/Med-High,8,-,ultraportable,$1202 'Medium/Med-High',ultraportable,Asus,Top
$1229,Lenovo ThinkPad X1 Carbon,i5-7200U,Intel Graphics 620,8GB,-,128GB,"14"" 1920x1080 IPS",Medium/Med-High,10,-,programming,$1229 'Medium/Med-High',programming,Lenovo,Top
$1246,LG Gram 15 (8th Gen),i5-8250U,Intel UHD Graphics 620,8GB,-,256GB,"15.6"" 1920x1080 IPS",Medium/Med-High,7,-,mainstream,$1246 'Medium/Med-High',mainstream,LG,Top
$1249,Lenovo Yoga 900s,m7-6Y75,Intel Graphics 515,8GB,-,256GB PCIe,"12.5"" 2560x1440 IPS Touch",Medium/Med-High,8,-,convertible,$1249 'Medium/Med-High',convertible,Lenovo,Top
$1279,Dell Latitude 15 E5590*,i5-8250U,Intel UHD Graphics 620,8GB,-,256GB PCIe,"15.6"" 1920x1080 IPS",Medium/Med-High,10,-,programming,$1279 'Medium/Med-High',programming,Dell,Top
$1279,HP Elitebook 1040 G4,i5-7200U,Intel Graphics 620,8GB,-,128GB,"14"" 1920x1080 IPS",Medium/Med-High,9,-,programming,$1279 'Medium/Med-High',programming,HP,Top
$1298,Asus ROG Zephyrus G14,Ryzen 9 4900HS,NVIDIA RTX 2060 6GB,16GB,-,1TB,"14.0"" 1920x1080 120hz IPS",Medium/Med-High,8,-,gaming,$1298 'Medium/Med-High',gaming,Asus,Top
$1299,Dell XPS 15 9560 (i5),i5-7300HQ,Nvidia GTX 1050,8GB,-,256GB,"15.6"" 3840x2160 IPS Touch",Medium/Med-High,10,-,"mainstream,programming",$1299 'Medium/Med-High',"mainstream,programming",Dell,Top
$1299,Microsoft Surface Pro,i5-7300U,Intel Graphics 620,8GB,-,256GB,"12.3"" 2736x1824 IPS Touch",Medium/Med-High,9,-,ultraportable,$1299 'Medium/Med-High',ultraportable,Microsoft,Top
$1322,Lenovo ThinkPad 370*,i5-7200U,Intel Graphics 620,8GB,`,128GB,"13.3"" 1920x1080 IPS Touch w/ Pen",Medium/Med-High,9,-,convertible,$1322 'Medium/Med-High',convertible,Lenovo,Top
$1327,Lenovo ThinkPad P40 Yoga,i7-6500U,Nvidia Quadro M500M,8GB,-,256GB,"14.1"" 1920x1080 IPS Touch w/ Pen",Medium/Med-High,10,-,convertible,$1327 'Medium/Med-High',convertible,Lenovo,Top
$1399,Dell XPS 15 9560 (i7 refurb),i5-7700HQ,Nvidia GTX 1050,16GB,-,512GB PCIe,"15.6"" 3840x2160 IPS Touch",High/Extreme-High,10,-,"mainstream,programming",$1399 'High/Extreme-High',"mainstream,programming",Dell,Top
$1399,Lenovo Legion Y545 2060,Core i7-9750H,NVIDIA RTX 2060 6GB,16GB,-,512GB,"15.6"" 1920x1080 60hz",High/Extreme-High,8,-,gaming,$1399 'High/Extreme-High',gaming,Lenovo,Top
$1449,Asus ROG Strix G15,Core i7-10750H,NVIDIA RTX 2070 8GB,16GB,-,1TB,"15.6"" 1920x1080 240Hz IPS",High/Extreme-High,8,-,gaming,$1449 'High/Extreme-High',gaming,Asus,Top
$1449,Lenovo Legion Y740 1660,Core i7-9750H,NVIDIA GTX 1660 Ti 6GB,16GB,1TB,256GB,"17.3"" 1920x1080 144hz IPS",High/Extreme-High,8,-,gaming,$1449 'High/Extreme-High',gaming,Lenovo,Top
$1499,Asus Zenbook UX390UA,i7-7500U,Intel Graphics 620,16GB,-,512GB PCIe,"12.5"" 1920x1080 IPS",High/Extreme-High,10,-,ultraportable,$1499 'High/Extreme-High',ultraportable,Asus,Top
$1499,Dell Latitude 14 E7490,i5-8250U,Intel UHD Graphics 620,8GB,-,256GB PCIe,"14.1"" 1920x1080 IPS",High/Extreme-High,10,-,programming,$1499 'High/Extreme-High',programming,Dell,Top
$1499,Razer Blade 15,Core i7-10750H,NVIDIA RTX 2060 6GB,16GB,-,512GB,"15.6"" 1920x1080 144Hz IPS",High/Extreme-High,8,-,gaming,$1499 'High/Extreme-High',gaming,Razer,Top
$1555,Asus Zenbook UX550VE,i5-7700HQ,Nvidia GTX 1050 Ti,16GB,-,512GB PCIE,"15.6"" 1920x1080 IPS Touch",High/Extreme-High,10,-,"mainstream,programming",$1555 'High/Extreme-High',"mainstream,programming",Asus,Top
$1559,MSI Bravo 15,Ryzen 7 4800H,Radeon RX5500M 4GB,32GB,-,1TB,"15.6"" 1920x1080 144Hz IPS",High/Extreme-High,8,-,gaming,$1559 'High/Extreme-High',gaming,MSI,Top
$1572,Alienware m15 R3,Core i7-10750H,NVIDIA RTX 2060 6GB,16GB,-,512GB,"15.6"" 1920x1080 300hz",High/Extreme-High,8,-,gaming,$1572 'High/Extreme-High',gaming,Alienware,Top
$1589,Acer Predator Triton 500,Core i7-9750H,NVIDIA RTX 2060 6GB,16GB,-,512GB,"15.6"" 1920x1080 144Hz IPS",High/Extreme-High,8,-,gaming,$1589 'High/Extreme-High',gaming,Acer,Top
$1599,MSI GS65 Stealth Thin,Core i7-9750H,NVIDIA RTX 2060 6GB,16GB,-,512GB,"15.6"" 1920x1080 240hz",High/Extreme-High,10,-,gaming,$1599 'High/Extreme-High',gaming,MSI,Top
$1682,Lenovo ThinkPad X1 Yoga,i5-7200U,Intel Graphics 620,8GB,-,256GB PCIe,"14"" 1920x1080 IPS Touch w/ Pen",High/Extreme-High,10,-,convertible,$1682 'High/Extreme-High',convertible,Lenovo,Top
$1699,Apple Macbook Pro 13,i5-7360U,Intel Iris Graphics 640,16GB,-,256GB PCIe,"13.3"" 2560x1600 IPS",High/Extreme-High,10,-,"mainstream,programming",$1699 'High/Extreme-High',"mainstream,programming",Apple,Top
$1699,Apple Macbook Pro 13 /w bar,i5-6267U,Intel Iris Graphics 550,8GB,-,128GB PCIe,"13.3"" 2560x1600 IPS",High/Extreme-High,10,-,ultraportable,$1699 'High/Extreme-High',ultraportable,Apple,Top
$1699,Asus Zenbook UX490UA,i7-8550U,Intel UHD Graphics 620,16GB,-,512GB PCIe,"14"" 1920x1080 IPS",High/Extreme-High,7,-,"mainstream,programming",$1699 'High/Extreme-High',"mainstream,programming",Asus,Top
$1699,Microsoft Surface Book,i5-6200U,Intel Graphics 520,8GB,-,256GB,"13.5"" 3000x2000 IPS Touch",High/Extreme-High,10,-,convertible,$1699 'High/Extreme-High',convertible,Microsoft,Top
$1779,VAIO Z Flip,i5-6267U,Intel Iris Graphics 550,8GB,-,256GB,"13.3"" 2560x1440 IPS Touch w/ Pen",High/Extreme-High,10,-,convertible,$1779 'High/Extreme-High',convertible,VAIO,Top
$181,ASUS T100TA,BayTrail-T Z3775,Intel HD Graphics,2GB,-,32GB,"10.1"" 1366x768 TN Touch",Extreme-Low/Low,5,-,convertible,$181 'Extreme-Low/Low',convertible,ASUS,Top
$1885,Dell XPS 15 9560 (i7),i5-7700HQ,Nvidia GTX 1050,16GB,-,512GB,"15.6"" 3840x2160 IPS Touch",High/Extreme-High,10,-,mainstream,$1885 'High/Extreme-High',mainstream,Dell,Top
$1899,Asus ROG Zephyrus M,Core i7-9750H,NVIDIA RTX 2070 8GB,16GB,-,1TB,"15.6"" 1920x1080 240Hz IPS",High/Extreme-High,9,-,gaming,$1899 'High/Extreme-High',gaming,Asus,Top
$1899,Asus ROG Zephyrus S,Core i7-9750H,NVIDIA RTX 2070 8GB,16GB,-,1TB,"17.3"" 1920x1080 144hz",High/Extreme-High,10,-,gaming,$1899 'High/Extreme-High',gaming,Asus,Top
$1899,Lenovo Legion 7i,Core i7-10750H,NVIDIA RTX 2070 8GB,16GB,-,512GB,"15.6"" 1920x1080 144Hz IPS",High/Extreme-High,10,-,gaming,$1899 'High/Extreme-High',gaming,Lenovo,Top
$1899,Lenovo Legion Y740 2080,Core i7-8750H,NVIDIA RTX 2080 8GB,16GB,-,512GB,"17.3"" 1920x1080 144hz",High/Extreme-High,10,-,gaming,$1899 'High/Extreme-High',gaming,Lenovo,Top
$1899,Razer Blade Stealth 13,Core i7-1065G7,NVIDIA GTX 1650 Ti 4GB,16GB,-,512GB,"13.3"" 3840x2160 4K Touch",High/Extreme-High,8,-,gaming,$1899 'High/Extreme-High',gaming,Razer,Top
$199,HP Stream 11,Celeron N3060,Intel HD Graphics,4GB,-,32GB,"11.6"" 1366x768 TN",Extreme-Low/Low,4,-,ultraportable,$199 'Extreme-Low/Low',ultraportable,HP,Top
$1993,Apple Macbook Pro 15 w/ bar,i7-6700HQ,AMD Radeon Pro 450,16GB,-,256GB PCIe,"15.4"" 2880x1800 IPS",High/Extreme-High,10,-,"mainstream,programming",$1993 'High/Extreme-High',"mainstream,programming",Apple,Top
$1999,HP OMEN X 2S,Core i7-9750H,NVIDIA RTX 2070 8 GB,16GB,-,512GB,"15.6"" 1920x1080 144Hz IPS",High/Extreme-High,9,-,gaming,$1999 'High/Extreme-High',gaming,HP,Top
$202,Dell Inspiron 11,Celeron N3060,Intel HD Graphics,2GB,-,32GB,"11.6"" 1366x768 TN",Extreme-Low/Low,5,-,ultraportable,$202 'Extreme-Low/Low',ultraportable,Dell,Top
$219,HP Stream 13,Celeron N3050,Intel HD Graphics,2GB,-,32GB,"13.3"" 1366x768 TN",Extreme-Low/Low,4,-,ultraportable,$219 'Extreme-Low/Low',ultraportable,HP,Top
$2199,Gigabyte AERO 15 ,Core i7-9750H,NVIDIA RTX 2060 6GB,16GB,-,512GB,"15.6"" 3840x2160 AMOLED",High/Extreme-High,9,-,gaming,$2199 'High/Extreme-High',gaming,Gigabyte,Top
$2299,Razer Blade 15 Advanced,Core i7-10875H,NVIDIA RTX 2070 8 GB,16GB,-,512GB,"15.6"" 1920x1080 144hz",High/Extreme-High,10,-,gaming,$2299 'High/Extreme-High',gaming,Razer,Top
$249,Lenovo IdeaPad 100s,Celeron N3050,Intel HD Graphics,2GB,-,64GB,"14"" 1366x738 TN",Extreme-Low/Low,4,-,ultraportable,$249 'Extreme-Low/Low',ultraportable,Lenovo,Top
$249,Lenovo IdeaPad 120s,Celeron N3350,Intel HD Graphics 500,4GB,-,64GB,"14"" 1366x738 TN",Extreme-Low/Low,4,-,"mainstream,programming",$249 'Extreme-Low/Low',"mainstream,programming",Lenovo,Top
$2519,Alienware Area 51M,Core i7-10700K,NVIDIA RTX 2070 8GB,16GB,-,1TB,"17.3"" 1920x1080 300hz",High/Extreme-High,9,-,gaming,$2519 'High/Extreme-High',gaming,Alienware,Top
$258,Asus Vivobook E403NA,Celeron N3350,Intel HD Graphics 500,4GB,-,64GB,"14"" 1920x1080 TN",Extreme-Low/Low,4,-,"mainstream,programming",$258 'Extreme-Low/Low',"mainstream,programming",Asus,Top
$259,HP Pavilion x2 10t,Atom x5-Z8350,Intel HD Graphics,2GB,-,32GB,"10.1"" 1280x800 IPS Touch w/ Pen",Extreme-Low/Low,5,-,convertible,$259 'Extreme-Low/Low',convertible,HP,Top
$2649,MSI GE66 Raider 10SGS,Core i7-10875H,NVIDIA RTX 2080 8GB,32GB,-,1TB,"15.6"" 1920x1080 300hz",High/Extreme-High,7,-,gaming,$2649 'High/Extreme-High',gaming,MSI,Top
$3125,Asus ROG Zephyrus Duo i7,Core i7-10875H,NVIDIA RTX 2070S 8GB,32GB,-,2TB,"15.6"" 1920x1080 300hz IPS",High/Extreme-High,10,-,gaming,$3125 'High/Extreme-High',gaming,Asus,Top
$316,Dell Inspiron 11 2 in 1,Pentium N3710,Intel HD Graphics,4GB,500GB 5400RPM,-,"11"" 1366x768 TN Touch",Extreme-Low/Low,5,-,convertible,$316 'Extreme-Low/Low',convertible,Dell,Top
$329,Lenovo ThinkPad T440 (refurb),i5-4300U,Intel HD 4400,8GB,640GB 5400RPM,-,"14"" 1600x900 TN",Extreme-Low/Low,9,-,programming,$329 'Extreme-Low/Low',programming,Lenovo,Top
$349,Acer Aspire E15-575,i3 7100U,Intel Graphics 620,4GB,1TB 5400RPM,-,"15.6"" 1920x1080 TN",Extreme-Low/Low,5,-,"mainstream,programming",$349 'Extreme-Low/Low',"mainstream,programming",Acer,Top
$369,Microsoft Surface 3,Atom x7-Z8700,Intel HD Graphics,2GB,-,64GB,"10.8"" 1920x1080 IPS",Extreme-Low/Low,8,-,"convertible,ultraportable",$369 'Extreme-Low/Low',"convertible,ultraportable",Microsoft,Top
$377,Asus T102HA,Atom x5-Z8350,Intel HD Graphics,4GB,-,128GB,"10.1"" 1280x800 Touch w/ Pen",Extreme-Low/Low,5,-,convertible,$377 'Extreme-Low/Low',convertible,Asus,Top
$427,Asus T300CHI,M-5Y70,Intel HD 5300,4GB,-,128GB,"12.5"" 1920x1080 IPS Touch",Extreme-Low/Low,7,-,convertible,$427 'Extreme-Low/Low',convertible,Asus,Top
$444,Asus F441,AMD A9-9420,AMD Radeon R5,8GB,1TB 5400RPM,-,"14"" 1920x1080 TN",Extreme-Low/Low,5,-,mainstream,$444 'Extreme-Low/Low',mainstream,Asus,Top
$469,Lenovo ThinkPad T440s (refurb),i7-4600U,Intel HD 4400,12GB,-,240GB,"14"" 1600x900 TN",Extreme-Low/Low,9,-,programming,$469 'Extreme-Low/Low',programming,Lenovo,Top
$4999,Asus ROG Zephyrus Duo i9,Core i9-10980HK,NVIDIA RTX 2080S 8GB,32GB,-,1TB,"15.6"" 3840x2160 IPS",High/Extreme-High,10,-,gaming,$4999 'High/Extreme-High',gaming,Asus,Top
$505,HP Pavilion x360 13,i5-7200U,Intel Graphics 620,8GB,500GB 5400RPM,-,"13.3"" 1920x1080 IPS Touch",Extreme-Low/Low,7,-,"convertible,ultraportable",$505 'Extreme-Low/Low',"convertible,ultraportable",HP,Top
$509,Asus Q504UA,i5-7200U,Intel Graphics 620,6GB,1TB 5400RPM,-,"13.3"" 1920x1080 IPS Touch",Extreme-Low/Low,8,-,"convertible,ultraportable",$509 'Extreme-Low/Low',"convertible,ultraportable",Asus,Top
$533,Dell Inspiron 13 2 in 1,i5-7200U,Intel Graphics 620,8GB,1TB 5400RPM,-,"13.3"" 1920x1080 IPS Touch",Extreme-Low/Low,7,-,"convertible,ultraportable",$533 'Extreme-Low/Low',"convertible,ultraportable",Dell,Top
$575,Acer Aspire V13,i5-6200U,HD Graphics 520,6GB,-,256GB,"13.3"" 1920x1080 IPS Touch",Extreme-Low/Low,6,-,ultraportable,$575 'Extreme-Low/Low',ultraportable,Acer,Top
$579,Acer Aspire E15-575G,i5-7200U,Nvidia 940MX,8GB,-,256GB,"15.6"" 1920x1080 TN",Extreme-Low/Low,6,-,mainstream,$579 'Extreme-Low/Low',mainstream,Acer,Top
$599,Acer Aspire E5-576G,i5-8250U,Nvidia MX150,8GB,-,256GB,"15.6"" 1920x1080 TN",Extreme-Low/Low,6,-,programming,$599 'Extreme-Low/Low',programming,Acer,Top
$599,Asus Vivobook F510UA,i5-8250U,Intel UHD Graphics 620,8GB,1TB 5400RPM,128GB,"15.6"" 1920x1080 IPS",Extreme-Low/Low,6,-,"mainstream,programming",$599 'Extreme-Low/Low',"mainstream,programming",Asus,Top
$599,Dell Inspiron 13 i5379,i5-8250U,Intel UHD Graphics 620,8GB,1TB 5400RPM,-,"13.3"" 1920x1080 IPS Touch",Extreme-Low/Low,7,-,"convertible,programming",$599 'Extreme-Low/Low',"convertible,programming",Dell,Top
$619,HP Envy 13,i5-7200U,Intel Graphics 620,8GB,-,256GB PCIe,"13.3"" 1920x1080 IPS",Extreme-Low/Low,8,-,ultraportable,$619 'Extreme-Low/Low',ultraportable,HP,Top
$649,Asus Vivobook S410UA,i5-8250U,Intel UHD Graphics 620,8GB,1TB FireCuda,-,"14"" 1920x1080",Extreme-Low/Low,7,-,mainstream,$649 'Extreme-Low/Low',mainstream,Asus,Top
$689,Acer Nitro 5,Core i5-9300H,NVIDIA GTX 1650 8GB,8GB,-,256GB,"15.6"" 1920x1080 60hz IPS",Extreme-Low/Low,8,-,gaming,$689 'Extreme-Low/Low',gaming,Acer,Top
$689,Lenovo ThinkPad E470*,i3-7100U,Intel Graphics 620,4GB,500GB 7200RPM,-,"14"" 1920x1080 IPS",Extreme-Low/Low,6,-,programming,$689 'Extreme-Low/Low',programming,Lenovo,Top
$699,Acer Swift 3 14,i5-8250U,Nvidia MX150,8GB,-,256GB,"14"" 1920x1080 IPS",Extreme-Low/Low,8,-,mainstream,$699 'Extreme-Low/Low',mainstream,Acer,Top
$699,Lenovo Yoga 710 11,i5-7Y54,Intel Graphics 615,8GB,-,128GB,"11"" 1920x1080 IPS Touch",Extreme-Low/Low,7,-,convertible,$699 'Extreme-Low/Low',convertible,Lenovo,Top
$718,Asus TUF FX505DT,Ryzen 5 R5-3550H,NVIDIA GTX 1650 4GB,8GB,-,256GB,"15.6"" 1920x1080 120hz IPS",Medium/Med-High,8,-,gaming,$718 'Medium/Med-High',gaming,Asus,Top
$719,Dell Inspiron 13-i5378,i7-7500U,Intel Graphics 620,8GB,-,256GB,"13.3"" 1920x1080 IPS Touch",Medium/Med-High,7,-,mainstream,$719 'Medium/Med-High',mainstream,Dell,Top
$729,Toshiba Satellite Radius 12,i7-6500U,Intel Graphics 520,8GB,-,256GB,"12.5"" 3840x2160 IPS Touch",Medium/Med-High,8,-,"convertible,ultraportable",$729 'Medium/Med-High',"convertible,ultraportable",Toshiba,Top
$737,Lenovo Ideapad L340 G,Core i5-9300H,NVIDIA GTX 1650 4GB,8GB,-,512GB,"15.6"" 1920x1080 60hz IPS",Medium/Med-High,7,-,gaming,$737 'Medium/Med-High',gaming,Lenovo,Top
$749,Asus Zenbook UX330UA,i5-8250U,Intel UHD Graphics 620,8GB,-,256GB PCIe,"13.3"" 1920x1080 IPS",Medium/Med-High,9,-,"mainstream,programming,ultraportable",$749 'Medium/Med-High',"mainstream,programming,ultraportable",Asus,Top
$749,Dell Inspiron 15-i5557,i5-7300HQ,Nvidia GTX 1050,8GB,-,256GB,"15.6"" 1920x1080 IPS",Medium/Med-High,8,-,mainstream,$749 'Medium/Med-High',mainstream,Dell,Top
$757,Acer Nitro 5 SSD+HDD,Core i5-9300H,NVIDIA GTX 1650 8GB,8GB,1TB,128GB,"15.6"" 1920x1080 60hz IPS",Medium/Med-High,8,-,gaming,$757 'Medium/Med-High',gaming,Acer,Top
$779,Lenovo Yoga 720 13,i5-7200U,Intel Graphics 620,8GB,-,256GB PCIe,"13.3"" 1920x1080 IPS Touch",Medium/Med-High,8,-,convertible,$779 'Medium/Med-High',convertible,Lenovo,Top
$799,Dell Inspiron 13-7378,i5-7200U,Intel Graphics 620,8GB,-,256GB,"13.3"" 1920x1080 IPS Touch",Medium/Med-High,8,-,"convertible,ultraportable",$799 'Medium/Med-High',"convertible,ultraportable",Dell,Top
$799,Dell XPS 13 9360,i3-7100U,Intel Graphics 620,4GB,-,128GB,"13.3"" 1920x1080 IPS",Medium/Med-High,9,-,ultraportable,$799 'Medium/Med-High',ultraportable,Dell,Top
$817,Asus Zenbook UX360CA,m3-6Y30,Intel Graphics 515,8GB,-,512GB,"13.3"" 1920x1080 IPS Touch",Medium/Med-High,8,-,"convertible,ultraportable",$817 'Medium/Med-High',"convertible,ultraportable",Asus,Top
$830,Lenovo ThinkPad 13 *,i5-7200U,Intel Graphics 620,8GB,-,128GB,"13.3"" 1920x1080 IPS",Medium/Med-High,9,-,"programming,ultraportable",$830 'Medium/Med-High',"programming,ultraportable",Lenovo,Top
$849,Dell G3 3590,Core i5-10300H,NVIDIA GTX 1650 4GB,8GB,1TB,256GB,"15.6"" 1920x1080 60Hz",Medium/Med-High,7,-,gaming,$849 'Medium/Med-High',gaming,Dell,Top
$852,Dell Latitude 14 3480*,i5-7200U,Intel Graphics 620,8GB,500GB 7200RPM,-,"14"" 1920x1080 TN",Medium/Med-High,8,-,programming,$852 'Medium/Med-High',programming,Dell,Top
$887,Apple Macbook Air 13,i5-5350U,Intel HD 6000,8GB,-,128GB PCIe,"13.3"" 1440x900",Medium/Med-High,10,-,"mainstream,programming,ultraportable",$887 'Medium/Med-High',"mainstream,programming,ultraportable",Apple,Top
$889,MSI GF63 THIN 9RCX-818,Core i7-9750H,NVIDIA GTX1050Ti 4GB,8GB,-,256GB,"15.6"" 1920x1080 60Hz IPS",Medium/Med-High,7,-,gaming,$889 'Medium/Med-High',gaming,MSI,Top
$895,Lenovo ThinkPad T470*,i5-7200U,Intel Graphics 620,8GB,500GB 7200RPM,-,"14"" 1920x1080 IPS",Medium/Med-High,9,-,programming,$895 'Medium/Med-High',programming,Lenovo,Top
$911,Lenovo ThinkPad T570*,i5-7200U,Intel Graphics 620,8GB,500GB 7200RPM,-,"15.6"" 1920x1080 IPS",Medium/Med-High,9,-,programming,$911 'Medium/Med-High',programming,Lenovo,Top
$915,Lenovo ThinkPad X270*,i5-7200U,Intel Graphics 620,8GB,500GB 7200RPM,-,"12.5"" 1920x1080 IPS",Medium/Med-High,10,-,"programming,ultraportable",$915 'Medium/Med-High',"programming,ultraportable",Lenovo,Top
$964,Microsoft Surface Pro 4,i5-6300U,Intel Graphics 520,8GB,-,256GB,"12.3"" 2736x1824 IPS Touch",Medium/Med-High,8,-,"convertible,ultraportable",$964 'Medium/Med-High',"convertible,ultraportable",Microsoft,Top
$985,Asus TUF A15 1660,Ryzen 7 4800H,NVIDIA GTX 1660Ti 6GB,8GB,-,512GB,"15.6"" 1920x1080 144hz IPS",Medium/Med-High,8,-,gaming,$985 'Medium/Med-High',gaming,Asus,Top
$988,LG Gram 15,i5-7200U,Intel Graphics 620,8GB,-,256GB,"15.6"" 1920x1080 IPS",Medium/Med-High,7,-,mainstream,$988 'Medium/Med-High',mainstream,LG,Top
$989,HP Spectre x360 13,i5-7200U,Intel Graphics 620,8GB,-,256GB,"13.3"" 1920x1080 IPS Touch",Medium/Med-High,9,-,"convertible,ultraportable",$989 'Medium/Med-High',"convertible,ultraportable",HP,Top
$999,Asus Zenbook UX331UN,i5-8250U,Nvidia MX150,8GB,-,256GB,"13.3"" 1920x1080 IPS Touch",Medium/Med-High,8,-,"mainstream,ultraportable",$999 'Medium/Med-High',"mainstream,ultraportable",Asus,Top
$999,Dell Latitude 14 3490*,i5-8250U,Intel UHD Graphics 620,8GB,-,256GB PCIe,"14"" 1920x1080 TN",Medium/Med-High,8,-,programming,$999 'Medium/Med-High',programming,Dell,Top
"EGP37,999.00",HP ENVY x360 14–ES0013DX,"13th Gen Intel® Core™ i5-1335U Processor 12M Cache, up to 4.60 GHz",Intel® Iris™ Xe Graphics,8 GB,Unspecified,512GB SSD,13.3'' FHD,Medium,-,https://smhttp-ssl-73217.nexcesscdn.net/pub/media/catalog/product/cache/661473ab953cdcdf4c3b607144109b90/z/h/zh404-1.png,360X,"EGP37,999.00 'Medium'","360X,https://2b.com.eg/en/hp-envy-x360-14-es0013dx-laptop-intelr-coretm-i5-1355u-8gb-512gb-ssd-intelr-iris-xe-graphics-13-3-fhd-win11-natural-silver.html,In stock Only 3 left",HP,Deal
"EGP38,799.00",HP Pavilion x360 14-ek0011ne,"12th Gen Intel® Core™ i5-1235U (up to 4.4 GHz with Intel® Turbo Boost Technology, 12 MB L3 cache, 10 cores, 12 threads)",Intel® Iris® Xᵉ Graphics,8 GB,Unspecified,512 GB PCIe® NVMe™ M.2 SSD,"14"" FHD 1920 x 1080",Medium,-,https://smhttp-ssl-73217.nexcesscdn.net/pub/media/catalog/product/cache/661473ab953cdcdf4c3b607144109b90/z/h/zh395-2-2b.jpg,360X,"EGP38,799.00 'Medium'","360X,https://2b.com.eg/en/hp-pavilion-x360-14-ek0011ne-intelr-coretmi5-1235u-8gb-512gb-ssd-intelr-irisr-x-graphics-14-fhd-win11-natural-silver.html,In stock",HP,Deal
"EGP36,499.00",TP3402ZA-LZ007W,"Intel® Core™ i7-12700H Processor 24M Cache, up to 4.70 GHz",*Intel Iris Xᵉ Graphics is only available in models with Intel® Core™ i5/i7/i9 processors and dual-channel memory,8 GB,Unspecified,512GB SSD,"14.0-inch, WUXGA (1920 x 1200)",Low,-,https://smhttp-ssl-73217.nexcesscdn.net/pub/media/catalog/product/cache/661473ab953cdcdf4c3b607144109b90/z/u/zu357.jpg,360X,"EGP36,499.00 'Low'","360X,https://2b.com.eg/en/asus-vivobook-s-14-flip-tp3402za-lz007w-intelr-coretm-i7-12700h-8gb-512gb-ssd-intelr-uhd-graphics-14-0-wuxga-win11-cool-silver.html,In stock",Asus,Deal
"EGP28,999.00",TN3402QA-LZ005W,"AMD Ryzen™ 5 5600H Mobile Processor (6-core/12-thread, 19MB cache, up to 4.2 GHz max boost)",512GB M.2 NVMe™ PCIe® 3.0 SSD,8 GB,Unspecified,512GB SSD,14.0 '' WUXGA,Low,-,https://smhttp-ssl-73217.nexcesscdn.net/pub/media/catalog/product/cache/661473ab953cdcdf4c3b607144109b90/z/u/zu380.jpg,360X,"EGP28,999.00 'Low'","360X,https://2b.com.eg/en/asus-vivobook-s-14-flip-tn3402qa-lz005w-amd-ryzentm-r5-5600h-8gb-512gb-ssd-amd-radeontm-graphics-14-0-wuxga-win11-quiet-blue.html,In stock",Asus,Deal
"EGP30,299.00",TN3402YA-LZ005W,"AMD Ryzen™ 5 7530U Processor 2.0GHz (19MB Cache, up to 4.5 GHz, 6 cores, 12 Threads)",AMD Radeon Graphics,8 GB,Unspecified,512GB M.2 NVMe™ PCIe® 3.0 SSD,"14.0-inch, WUXGA (1920 x 1200)",Low,-,https://smhttp-ssl-73217.nexcesscdn.net/pub/media/catalog/product/cache/661473ab953cdcdf4c3b607144109b90/z/u/zu613--11.png,360X,"EGP30,299.00 'Low'","360X,https://2b.com.eg/en/asus-vivobook-s14-flip-tn3402ya-lz005w-laptop-amd-ryzentm-r5-7530u-8gb-512gb-ssd-amd-radeontm-graphics-14-0-wuxga-win11-cool-silver.html,In stock",Asus,Deal
"EGP35,499.00",TP3402ZA-LZ005W,"12th Gen Intel® Core™ i5-12500H (up to 4.5 GHz with Intel® Turbo Boost Technology, 18 MB L3 cache, 12 cores, 16 threads)",*Intel Iris Xᵉ Graphics is only available in models with Intel® Core™ i5/i7/i9 processors and dual-channel memory,8 GB,Unspecified,512GB SSD,"14.0-inch, WUXGA (1920 x 1200)",Low,-,https://smhttp-ssl-73217.nexcesscdn.net/pub/media/catalog/product/cache/661473ab953cdcdf4c3b607144109b90/z/u/zu358.png,360X,"EGP35,499.00 'Low'","360X,https://2b.com.eg/en/asus-vivobook-s-14-flip-tp3402za-lz005w-intelr-coretm-i5-12500h-8gb-512gb-ssd-intelr-uhd-graphics-14-0-wuxga-win11-cool-silver.html,Out Of Stock",Asus,Deal
"EGP47,199.00",HP Pavilion x360 14-ek0010ne,"12th Gen Intel® Core™ i7-1255U (up to 4.7 GHz with Intel® Turbo Boost Technology, 12 MB L3 cache, 10 cores, 12 threads)",Intel® Iris Xe Graphics,16 GB,Unspecified,512 GB PCIe® NVMe™ M.2 SSD,"14"" FHD 1920 x 1080",Medium,-,https://smhttp-ssl-73217.nexcesscdn.net/pub/media/catalog/product/cache/661473ab953cdcdf4c3b607144109b90/z/h/zh395-1-2b.jpg,360X,"EGP47,199.00 'Medium'","360X,https://2b.com.eg/en/hp-pavilion-x360-14-ek0010ne-intelr-coretm-i7-1255u-16gb-512gb-ssd-intelr-irisr-x-graphics-14-fhd-win11-natural-silver.html,In stock Only 1 left",HP,Deal
"EGP35,999.00",Lenovo Flex 5,"AMD Ryzen™ 7 5700U (8C / 16T, 1.8 / 4.3GHz, 4MB L2 / 8MB L3)",Integrated AMD Radeon™ Graphics,8 GB,Unspecified,512GB SSD M.2 2280 PCIe® 3.0x4 NVMe®,"14"" FHD 1920 x 1080 , Touch",Low,-,https://smhttp-ssl-73217.nexcesscdn.net/pub/media/catalog/product/cache/661473ab953cdcdf4c3b607144109b90/z/l/zl869-1-2b.jpg,360X,"EGP35,999.00 'Low'","360X,https://2b.com.eg/en/lenovo-flex-5-amd-ryzentm7-5700u-8gb-512gb-ssd-amd-radeontm-graphics-14-fhd-win10-graphite-grey.html,In stock Only 1 left",Lenovo,Deal
"EGP47,199.00",HP ENVY x360 13-bf0003ne,"12th Gen Intel® Core™ i5-1230U (up to 4.4 GHz with Intel® Turbo Boost Technology, 12 MB L3 cache, 10 cores, 12 threads)",Intel® Iris® Xᵉ Graphics,8 GB,Unspecified,512 GB PCIe® NVMe™ TLC M.2 SSD,"13.3"" WUXGA 1920 x 1200",Medium,-,https://smhttp-ssl-73217.nexcesscdn.net/pub/media/catalog/product/cache/661473ab953cdcdf4c3b607144109b90/z/h/zh394-evo.jpg,360X,"EGP47,199.00 'Medium'","360X,https://2b.com.eg/en/hp-envy-x360-13-bf0003ne-intelr-coretm-i5-1230u-8gb-512gb-ssd-intelr-irisr-x-graphics-13-3-wuxga-win11-natural-silver.html,In stock Only 5 left",HP,Deal
"EGP60,999.00",Lenovo LOQ 15IRX9,"13th Intel® Core™ i7-13650HX, 14C (6P + 8E) / 20T, P-core 2.6 / 4.9GHz, E-core 1.9 / 3.6GHz, 24MB","NVIDIA® GeForce RTX™ 4060 8GB GDDR6, Boost Clock 2370MHz, TGP 115W",16 GB,Unspecified,512GB SSD M.2 2242 PCIe® 4.0x4 NVMe®,"15.6"" FHD (1920x1080) IPS 300nits Anti-glare, 100% sRGB, 144Hz, G-SYNC®",High/Extreme-High,-,https://smhttp-ssl-73217.nexcesscdn.net/pub/media/catalog/product/cache/661473ab953cdcdf4c3b607144109b90/z/l/zl439-zl439.png,Gaming,"EGP60,999.00 'High/Extreme-High'","Gaming,https://2b.com.eg/en/lenovo-loq-15irx9-laptop-intelr-coretm-i7-13650hx-16gb-512gb-ssd-nvidiar-geforce-rtxtm-4060-8gb-15-6-fhd-luna-grey.html,In stock",Lenovo,Deal
"EGP131,849.00",MSI Vector 17 HX A14VHG,"14th Gen. Intel® Core™ i9 processor 14900HX 36M Cache, up to 5.80 GHz",NVIDIA® GeForce RTX™ 4080 Laptop GPU 12GB GDDR6,32 GB,Unspecified,"1x M.2 SSD slot (NVMe PCIe Gen4), 1x M.2 SSD slot (NVMe PCIe Gen5) Compatible",17” QHD,High/Extreme-High,-,https://smhttp-ssl-73217.nexcesscdn.net/pub/media/catalog/product/cache/661473ab953cdcdf4c3b607144109b90/z/m/zm973.png,Gaming,"EGP131,849.00 'High/Extreme-High'","Gaming,https://2b.com.eg/en/msi-vector-17-hx-a14vhg-laptop-intelr-coretm-i9-14900hx-32gb-1tb-ssd-nvidiar-geforce-rtxtm-4080-12gb-17-qhd-win11-cosmos-gray.html,In stock Only 1 left",MSI,Deal
"EGP229,999.00",MSI Titan 18HX A14VI,"14th Gen. Intel® Core™ i9 processor 14900HX 36M Cache, up to 5.80 GHz",NVIDIA® GeForce RTX™ 4090 Laptop GPU 16GB GDDR6,64 GB,Unspecified,"2x M.2 SSD slot (NVMe PCIe Gen4), 1x M.2 SSD slot (NVMe PCIe Gen5) Compatible",18” UHD,High/Extreme-High,-,https://smhttp-ssl-73217.nexcesscdn.net/pub/media/catalog/product/cache/661473ab953cdcdf4c3b607144109b90/z/m/zm973_1.png,Gaming,"EGP229,999.00 'High/Extreme-High'","Gaming,https://2b.com.eg/en/msi-titan-18hx-a14vi-laptop-intelr-coretm-i9-14900hx-64gb-2tb-ssd-nvidiar-geforce-rtxtm-4090-16gb-18-uhd-win11-core-black.html,In stock Only 1 left",MSI,Deal
"EGP37,999.00",Lenovo LOQ 15IRH8,"12th ntel® Core™ i5-12450H, 8C (4P + 4E) / 12T, P-core 2.0 / 4.4GHz, E-core 1.5 / 3.3GHz, 12MB","NVIDIA® GeForce RTX™ 3050 6GB GDDR6, Boost Clock 1732MHz, TGP 95W",8 GB,Unspecified,512GB SSD M.2 2242 PCIe® 4.0x4 NVMe®,"15.6"" FHD (1920x1080)",Medium,-,https://smhttp-ssl-73217.nexcesscdn.net/pub/media/catalog/product/cache/661473ab953cdcdf4c3b607144109b90/z/l/zl390_1.jpg,Gaming,"EGP37,999.00 'Medium'","Gaming,https://2b.com.eg/en/lenovo-loq-15irh8-laptop-intelr-coretm-i5-12450h-8gb-512gb-ssd-nvidiar-geforce-rtxtm-3050-6gb-15-6-fhd-storm-grey.html,In stock Only 2 left",Lenovo,Deal
"EGP41,999.00",Dell G15-5515,"AMD® Ryzen™ 7 5800H Mobile (20 MB total cache, 8 cores, 16 threads)",NVIDIA® GeForce RTX™ 3050 4GB,8 GB,Unspecified,"512 GB, M.2, PCIe NVMe, SSD","15.6"", FHD 1920x1080",Medium,-,https://smhttp-ssl-73217.nexcesscdn.net/pub/media/catalog/product/cache/661473ab953cdcdf4c3b607144109b90/z/d/zd089-1n-2b.jpg,Gaming,"EGP41,999.00 'Medium'","Gaming,https://2b.com.eg/en/dell-g15-5515-amd-ryzentm-7-5800h-8gb-512gb-ssd-nvidiar-geforce-rtxtm-3050-4gb-15-6-fhd-phantom-grey.html,In stock",Dell,Deal
"EGP85,999.00",ASUS ROG Flow X16 GV601VU-NF060W,"13th Generation Intel® Core™ i9-13900H Processor 24M Cache, up to 5.40 GHz",NVIDIA® GeForce RTX™ 4050 6GB,16 GB,Unspecified,1TB PCIe® 4.0 NVMe™ M.2 SSD,"16"" 2K WQXGA",High/Extreme-High,-,https://smhttp-ssl-73217.nexcesscdn.net/pub/media/catalog/product/cache/661473ab953cdcdf4c3b607144109b90/z/u/zu468-1.png,Gaming,"EGP85,999.00 'High/Extreme-High'","Gaming,https://2b.com.eg/en/asus-rog-flow-x16-gv601vu-nf060w-laptop-intelr-coretm-i9-13900h-16gb-1tb-ssd-nvidiar-geforce-rtxtm-4050-6gb-16-2k-wqxga-win11-off-black.html,In stock Only 1 left",Asus,Deal
"EGP54,999.00",Lenovo LOQ 15IRX9,"Intel® Core™ i7-13650HX, 14C (6P + 8E) / 20T, P-core 2.6 / 4.9GHz, E-core 1.9 / 3.6GHz, 24MB",NVIDIA® GeForce RTX™ 4050 6GB GDDR6,16 GB,Unspecified,512GB SSD M.2 2242 PCIe® 4.0x4 NVMe,"15.6"" FHD (1920x1080)",High/Extreme-High,-,https://smhttp-ssl-73217.nexcesscdn.net/pub/media/catalog/product/cache/661473ab953cdcdf4c3b607144109b90/z/l/zl457-1_1.png,Gaming,"EGP54,999.00 'High/Extreme-High'","Gaming,https://2b.com.eg/en/lenovo-loq-15irx9-laptop-intelr-coretm-i7-13650hx-16gb-512gb-ssd-nvidiar-geforce-rtxtm-4050-6gb-15-6-fhd-luna-grey.html,In stock",Lenovo,Deal
"EGP49,999.00",Lenovo LOQ 15IRX9,"Intel® Core™ i7-13650HX, 14C (6P + 8E) / 20T, P-core 2.6 / 4.9GHz, E-core 1.9 / 3.6GHz, 24MB",NVIDIA® GeForce RTX™ 3050 6GB GDDR6,16 GB,Unspecified,512GB SSD M.2 2242 PCIe® 4.0x4 NVMe,"15.6"" FHD (1920x1080)",Medium,-,https://smhttp-ssl-73217.nexcesscdn.net/pub/media/catalog/product/cache/661473ab953cdcdf4c3b607144109b90/z/l/zl457-1.png,Gaming,"EGP49,999.00 'Medium'","Gaming,https://2b.com.eg/en/lenovo-loq-15irx9-laptop-intelr-coretm-i7-13650hx-16gb-512gb-ssd-nvidiar-geforce-rtxtm-3050-6gb-15-6-fhd-luna-grey.html,In stock",Lenovo,Deal
"EGP53,999.00",MSI Cyborg 15 A13VF,"13 Gen. Intel® Core™ i7-13620H Processor 24M Cache, up to 4.90 GHz",NVIDIA® GeForce RTX™ 4060 Laptop GPU 8GB GDDR6,16 GB,Unspecified,1x M.2 SSD slot (NVMe PCIe Gen4),"15.6"" FHD (1920x1080)",High/Extreme-High,-,https://smhttp-ssl-73217.nexcesscdn.net/pub/media/catalog/product/cache/661473ab953cdcdf4c3b607144109b90/z/m/zm974_1.png,Gaming,"EGP53,999.00 'High/Extreme-High'","Gaming,https://2b.com.eg/en/msi-cyborg-15-a13vf-laptop-intelr-coretm-i7-13620h-16gb-512gb-ssd-nvidiar-geforce-rtxtm-4060-8gb-15-6-fhd-translucent-black.html,In stock",MSI,Deal
"EGP52,999.00",HP Victus 16-d1026ne,"12th Gen Intel® Core™ i7-12700H (up to 4.7 GHz with Intel® Turbo Boost Technology, 24 MB L3 cache, 14 cores, 20 threads)",NVIDIA® GeForce RTX™ 3060 Laptop GPU (6 GB GDDR6 dedicated),16 GB,Unspecified,512 GB PCIe® NVMe™ TLC M.2 SSD,"16.1"" FHD 1920 x 1080",High/Extreme-High,-,https://smhttp-ssl-73217.nexcesscdn.net/pub/media/catalog/product/cache/661473ab953cdcdf4c3b607144109b90/z/h/zh425-edited1_1.jpg,Gaming,"EGP52,999.00 'High/Extreme-High'","Gaming,https://2b.com.eg/en/hp-victus-16-d1026ne-intelr-coretm-i7-12700h-16gb-512gb-ssd-nvidiar-geforcer-rtxtm-3060-6gb-16-1-fhd-win11-mica-silver.html,In stock",HP,Deal
"EGP60,999.00",MSI Cyborg 15 AI A1VF,"Intel® Core™ Ultra 7 Processor 155H 24M Cache, up to 4.80 GHz",NVIDIA® GeForce RTX™ 4060 Laptop GPU 8GB GDDR6,16 GB,Unspecified,1x M.2 SSD slot (NVMe PCIe Gen4),"15.6"" FHD (1920x1080)",High/Extreme-High,-,https://smhttp-ssl-73217.nexcesscdn.net/pub/media/catalog/product/cache/661473ab953cdcdf4c3b607144109b90/z/m/zm974.png,Gaming,"EGP60,999.00 'High/Extreme-High'","Gaming,https://2b.com.eg/en/msi-cyborg-15-ai-a1vf-laptop-intelr-coretm-ultra-7-155h-16gb-512gb-ssd-nvidiar-geforce-rtxtm-4060-8gb-15-6-fhd-win11-translucent-black.html,In stock Only 1 left",MSI,Deal
"EGP67,099.00",Asus TUF Gaming A15 FA507NU-LP045W,"AMD Ryzen™ 7-7735HS (8 Cores , 16threads , 3.2GHZ Up to 4.75GHz)","NVIDIA® GeForce RTX™ 4050 Laptop GPU, 2420MHz* at 140W (2370MHz Boost Clock+50MHz OC, 115W+25W Dynamic Boost), 6GB GDDR6",16 GB,Unspecified,512GB PCIe® 4.0 NVMe™ M.2 SSD,"15.6"" FHD (1920x1080)",High/Extreme-High,-,https://smhttp-ssl-73217.nexcesscdn.net/pub/media/catalog/product/cache/661473ab953cdcdf4c3b607144109b90/z/u/zu432.png,Gaming,"EGP67,099.00 'High/Extreme-High'","Gaming,https://2b.com.eg/en/asus-tuf-gaming-a15-fa507nu-lp045w-amd-ryzentm-7-7735hs-16gb-512gb-ssd-nvidiar-geforcer-rtxtm-4050-6gb-15-6-fhd-win11-black.html,Out Of Stock",Asus,Deal
"EGP150,999.00",Lenovo Legion 7 Pro 16IRX8H,"13th Generation Intel® Core™ i9-13900HX, 24C (8P + 16E) / 32T, P-core 2.2 / 5.4GHz, E-core 1.6 / 3.9GHz, 36MB","NVIDIA® GeForce RTX™ 4080 12GB GDDR6, Boost Clock 2280MHz, TGP 175W",32 GB,Unspecified,1TB SSD M.2 2280 PCIe® 4.0x4 NVMe®,"16"" WQXGA (2560x1600)",High/Extreme-High,-,https://smhttp-ssl-73217.nexcesscdn.net/pub/media/catalog/product/cache/661473ab953cdcdf4c3b607144109b90/z/l/zl879-new.png,Gaming,"EGP150,999.00 'High/Extreme-High'","Gaming,https://2b.com.eg/en/lenovo-legion-7-pro-16irx8h-laptop-intelr-coretm-i9-13900hx-32gb-1tbssd-nvidiar-geforce-rtxtm-4080-12gb-16-wqxga-win11-onyx-grey.html,In stock Only 1 left",Lenovo,Deal
"EGP179,999.00",GU605MY-QR061W,"Intel® Core™ Ultra 9 Processor 185H 2.3 GHz (24MB Cache, up to 5.1 GHz, 16 cores, 22 Threads); Intel® AI Boost NPU",NVIDIA® GeForce RTX™ 4090 16GB,32 GB,Unspecified,2TB PCIe® 4.0 NVMe™ M.2 Performance SSD,16.0'' 2.5K,High/Extreme-High,-,https://smhttp-ssl-73217.nexcesscdn.net/pub/media/catalog/product/cache/661473ab953cdcdf4c3b607144109b90/z/u/zu318.png,Gaming,"EGP179,999.00 'High/Extreme-High'","Gaming,https://2b.com.eg/en/asus-rog-zephyrus-g16-gu605my-qr061w-laptop-intelr-ultra-9-185h-32gb-2tb-ssd-nvidiar-geforce-rtxtm-4090-16gb-16-2-5k-wqxga-win11-eclipse-gray.html,In stock Only 4 left",Asus,Deal
"EGP30,999.00",Asus TUF Gaming A15 FA506NF-HN005W,AMD Ryzen™ R5-7535HS,NVIDIA® GeForce® RTX™ 2050 4GB,8 GB,Unspecified,512GB PCIe® 4.0 NVMe™ M.2 SSD,15.6'' FHD,Low,-,https://smhttp-ssl-73217.nexcesscdn.net/pub/media/catalog/product/cache/661473ab953cdcdf4c3b607144109b90/z/u/zu466-1.png,Gaming,"EGP30,999.00 'Low'","Gaming,https://2b.com.eg/en/asus-tuf-gaming-a15-fa506nf-hn005w-laptop-amd-ryzentm-r5-7535hs-8gb-512gb-ssd-nvidiar-geforcer-rtxtm-2050-4gb-15-6-fhd-win11-graphite-black.html,In stock",Asus,Deal
"EGP83,999.00",Lenovo Legion 5 16IRX9,"14th Generation Intel® Core™ i7-14650HX, 16C (8P + 8E) / 24T, P-core 2.2 / 5.2GHz, E-core 1.6 / 3.7GHz, 30MB",NVIDIA® GeForce RTX™ 4060 8GB GDDR6,16 GB,Unspecified,1TB SSD M.2 2280 PCIe® 4.0x4 NVMe,"16"" WQXGA (2560x1600)",High/Extreme-High,-,https://smhttp-ssl-73217.nexcesscdn.net/pub/media/catalog/product/cache/661473ab953cdcdf4c3b607144109b90/z/l/zl420-new.png,Gaming,"EGP83,999.00 'High/Extreme-High'","Gaming,https://2b.com.eg/en/lenovo-legion-5-16irx9-laptop-intelr-coretm-i7-14650hx-16gb-1tb-ssd-nvidiar-geforce-rtxtm-4060-8gb-16-wqxga-win11-luna-grey.html,In stock Only 3 left",Lenovo,Deal
"EGP32,999.00",HP Victus 15-fb1013dx,"AMD Ryzen™ 5 7535HS (up to 4.5 GHz max boost clock, 16 MB L3 cache, 6 cores, 12 threads)",NVIDIA® GeForce RTX™ 2050 Laptop GPU (4 GB GDDR6 dedicated),8 GB,Unspecified,512 GB PCIe® Gen4 NVMe™ TLC M.2 SSD,"15.6"" FHD 1920 x 1080",Low,-,https://smhttp-ssl-73217.nexcesscdn.net/pub/media/catalog/product/cache/661473ab953cdcdf4c3b607144109b90/z/h/zh417-1-2b_1_2_1_3.jpg,Gaming,"EGP32,999.00 'Low'","Gaming,https://2b.com.eg/en/hp-victus-15-fb1013dx-laptop-amd-ryzentm-5-7535hs-8gb-512gb-ssd-nvidiar-geforcer-rtx-2050-4gb-15-6-fhd-win11-mica-silver.html,In stock",HP,Deal
"EGP49,999.00",G513RC-HN088W,"AMD Ryzen™ 7 6800H/HS Processor (8-core/16-thread, 20MB cache, up to 4.7 GHz max boost)","NVIDIA® GeForce RTX™ 3050 Laptop GPU ROG Boost: 1550MHz* at 95W (1500MHz Boost Clock+50MHz OC, 80W+15W Dynamic Boost) 4GB GDDR 6",16 GB,Unspecified,512GB PCIe® 4.0 NVMe™ M.2 SSD,15.6-inch FHD (1920 x 1080),Medium,-,https://smhttp-ssl-73217.nexcesscdn.net/pub/media/catalog/product/cache/661473ab953cdcdf4c3b607144109b90/z/u/zu384.png,Gaming,"EGP49,999.00 'Medium'","Gaming,https://2b.com.eg/en/asus-rog-strix-g15-g513rc-hn088w-amd-ryzentm-r7-6800h-16gb-512gb-ssd-nvidiar-geforce-rtxtm-3050-4gb-15-6-fhd-win11-eclipse-gray.html,In stock",Asus,Deal
"EGP33,999.00",Lenovo LOQ 15IRH8,"12th Intel® Core™ Intel® Core™ i5-12450H, 8C (4P + 4E) / 12T, P-core 2.0 / 4.4GHz, E-core 1.5 / 3.3GHz, 12MB",NVIDIA® GeForce RTX™ 2050 4GB GDDR6,8 GB,Unspecified,512GB SSD M.2 2242 PCIe® 4.0x4 NVMe®,"15.6"" FHD (1920x1080)",Low,-,https://smhttp-ssl-73217.nexcesscdn.net/pub/media/catalog/product/cache/661473ab953cdcdf4c3b607144109b90/z/l/zl390.jpg,Gaming,"EGP33,999.00 'Low'","Gaming,https://2b.com.eg/en/lenovo-loq-15irh8-laptop-intelr-coretm-i5-12450h-8gb-512gb-ssd-nvidiar-geforcer-rtxtm-2050-4gb-15-6-fhd-grey.html,In stock",Lenovo,Deal
"EGP49,299.00",Lenovo IdeaPad Gaming 3 15ACH6,"AMD Ryzen 7 5800H (8C / 16T, 3.2 / 4.4GHz, 4MB L2 / 16MB L3)","NVIDIA GeForce RTX 3060 6GB GDDR6, Boost Clock 1282 / 1485MH, TGP 90W",8 GB,Unspecified,512GB SSD M.2 2280 PCIe 3.0x4 NVMe,"15.6"" FHD (1920x1080)",Medium,-,https://smhttp-ssl-73217.nexcesscdn.net/pub/media/catalog/product/cache/661473ab953cdcdf4c3b607144109b90/z/l/zl817-1-2b-1y_2.jpg,Gaming,"EGP49,299.00 'Medium'","Gaming,https://2b.com.eg/en/lenovo-ideapad-gaming-3-15ach6-amd-ryzentm-7-5800h-8gb-512gb-ssd-nvidiar-geforcer-rtxtm-3060-6gb-15-6-fhd-win11-shadow-black.html,Out Of Stock",Lenovo,Deal
"EGP33,999.00",Lenovo LOQ 15IRH8,"13th Intel® Core™ Intel® Core™ i5-12450H Processor 12M Cache, up to 4.40 GHz",NVIDIA® GeForce RTX™ 2050 4GB GDDR6,8 GB,Unspecified,512GB SSD M.2 2242 PCIe® 4.0x4 NVMe,"15.6"" FHD (1920x1080)",Low,-,https://smhttp-ssl-73217.nexcesscdn.net/pub/media/catalog/product/cache/661473ab953cdcdf4c3b607144109b90/z/l/zl418-1.png,Gaming,"EGP33,999.00 'Low'","Gaming,https://2b.com.eg/en/lenovo-loq-15irh8-laptop-intelr-coretm-i5-12450h-8gb-512gb-ssd-nvidiar-geforcer-rtxtm-2050-4gb-15-6-fhd-storm-grey.html,In stock",Lenovo,Deal
"EGP32,799.00",HP Victus 15-fb0036ne,"AMD Ryzen™ 5 5600H (up to 4.2 GHz max boost clock, 16 MB L3 cache, 6 cores, 12 threads)",NVIDIA® GeForce® GTX 1650 Laptop GPU (4 GB GDDR6 dedicated),8 GB,Unspecified,1TB PCIe® NVMe™ TLC M.2 SSD,"15.6"" FHD 1920 x 1080",Low,-,https://smhttp-ssl-73217.nexcesscdn.net/pub/media/catalog/product/cache/661473ab953cdcdf4c3b607144109b90/z/h/zh417-1-2b_1_2_1_1.jpg,Gaming,"EGP32,799.00 'Low'","Gaming,https://2b.com.eg/en/hp-victus-15-fb0036ne-amd-ryzentm-5-5600h-8gb-1tb-ssd-nvidiar-geforce-gtx-1650-4gb-15-6-fhd-win11-mica-silver.html,In stock Only 2 left",HP,Deal
"EGP41,999.00",HP Victus 15-fb0033ne,"AMD Ryzen™ 7 5800H (up to 4.4 GHz max boost clock, 16 MB L3 cache, 8 cores, 16 threads",NVIDIA® GeForce RTX™ 3050 Ti Laptop GPU (4 GB GDDR6 dedicated),16 GB,Unspecified,512GB SSD,"15.6"" FHD 1920 x 1080, 144 Hz",Medium,-,https://smhttp-ssl-73217.nexcesscdn.net/pub/media/catalog/product/cache/661473ab953cdcdf4c3b607144109b90/z/h/zh417-1-2b_2.jpg,Gaming,"EGP41,999.00 'Medium'","Gaming,https://2b.com.eg/en/hp-victus-15-fb0033ne-amd-ryzentm-7-5800h-16gb-512gb-ssd-nvidiar-geforce-rtxtm-3050-ti-4gb-15-6-fhd-win11-mica-silver.html,In stock Only 2 left",HP,Deal
"EGP32,999.00",Lenovo LOQ 15IAX9,"Intel® Core™ i5-12450HX, 8C (4P + 4E) / 12T, P-core up to 4.4GHz, E-core up to 3.1GHz, 12MB",NVIDIA® GeForce RTX™ 2050 4GB GDDR6,8 GB,Unspecified,512GB SSD M.2 2242 PCIe® 4.0x4 NVMe®,"15.6"" FHD (1920x1080)",Low,-,https://smhttp-ssl-73217.nexcesscdn.net/pub/media/catalog/product/cache/661473ab953cdcdf4c3b607144109b90/z/l/zl425.png,Gaming,"EGP32,999.00 'Low'","Gaming,https://2b.com.eg/en/lenovo-loq-15iax9-laptop-intelr-coretm-i5-12450hx-8gb-512gb-ssd-nvidiar-geforce-rtxtm-2050-4gb-15-6-fhd-luna-grey.html,In stock",Lenovo,Deal
"EGP52,999.00",Dell G15 5520,"12th Gen Intel® Core™ i7-12700H (24 MB cache, 14 cores, 20 threads, up to 4.70 GHz Turbo)","NVIDIA® GeForce RTX™ 3060, 6 GB GDDR6",16 GB,Unspecified,"512 GB, M.2, Gen 4 PCIe, SSD","15.6"", FHD 1920x1080",High/Extreme-High,-,https://smhttp-ssl-73217.nexcesscdn.net/pub/media/catalog/product/cache/661473ab953cdcdf4c3b607144109b90/z/d/zd118-1n-2b_1.jpg,Gaming,"EGP52,999.00 'High/Extreme-High'","Gaming,https://2b.com.eg/en/dell-g15-5520-intelr-coretm-i7-12700h-16gb-512gb-ssd-nvidiar-geforce-rtxtm-3060-6gb-15-6-fhd-ubuntu-dark-grey.html,In stock",Dell,Deal
"EGP33,499.00",Lenovo IdeaPad Gaming 3,"AMD Ryzen™ 5 5500H (4C / 8T, 3.3 / 4.2GHz, 2MB L2 / 8MB L3)",NVIDIA® GeForce RTX™ 2050 4GB GDDR6,8 GB,Unspecified,512GB SSD M.2 2242 PCIe® 4.0x4 NVMe®,"15.6"" FHD (1920x1080)",Low,-,https://smhttp-ssl-73217.nexcesscdn.net/pub/media/catalog/product/cache/661473ab953cdcdf4c3b607144109b90/z/l/zl387--1.png,Gaming,"EGP33,499.00 'Low'","Gaming,https://2b.com.eg/en/lenovo-ideapad-gaming-3-amd-ryzentm-5-5500h-8gb-512gb-ssd-nvidia-geforce-rtx-2050-4gb-15-6-fhd-shadow-black.html,In stock",Lenovo,Deal
"EGP36,999.00",ASUS TUF Gaming A15 FA506NCR-HN007W,AMD Ryzen™ 7-7435HS,NVIDIA® GeForce® RTX™ 3050 4GB,8 GB,Unspecified,512GB PCIe® 4.0 NVMe™ M.2 SSD,15.6'' FHD,Low,-,https://smhttp-ssl-73217.nexcesscdn.net/pub/media/catalog/product/cache/661473ab953cdcdf4c3b607144109b90/z/u/zu915-1.png,Gaming,"EGP36,999.00 'Low'","Gaming,https://2b.com.eg/en/asus-tuf-gaming-a15-fa506ncr-hn007w-laptop-amd-ryzentm-7-7435hs-8gb-512gb-ssd-nvidiar-geforcer-rtxtm-3050-4gb-15-6-fhd-win11-off-black.html,In stock",Asus,Deal
"EGP46,999.00",ASUS TUF Gaming A15 FA507NUR-LP007W,AMD Ryzen™ 7-7435HS,NVIDIA® GeForce® RTX™ 4050 6GB,16 GB,Unspecified,512GB PCIe® 4.0 NVMe™ M.2 SSD,15.6'' FHD,Medium,-,https://smhttp-ssl-73217.nexcesscdn.net/pub/media/catalog/product/cache/661473ab953cdcdf4c3b607144109b90/z/u/zu914-1.png,Gaming,"EGP46,999.00 'Medium'","Gaming,https://2b.com.eg/en/asus-tuf-gaming-a15-fa507nur-lp007w-laptop-amd-ryzentm-7-7435hs-16gb-512gb-ssd-nvidiar-geforcer-rtxtm-4050-6gb-15-6-fhd-win11-off-black.html,In stock",Asus,Deal
"EGP32,299.00",FX506HF-HN001W,"11th gen Intel® Core™ i5-11400H Processor 2.7 GHz (12M Cache, up to 4.5 GHz, 6 Cores)",NVIDIA® GeForce RTX™ 2050 4GB GDDR6,8 GB,Unspecified,512GB PCIe® 3.0 NVMe™ M.2 SSD,"15.6-inch, FHD (1920 x 1080)",Low,-,https://smhttp-ssl-73217.nexcesscdn.net/pub/media/catalog/product/cache/661473ab953cdcdf4c3b607144109b90/z/u/zu423.png,Gaming,"EGP32,299.00 'Low'","Gaming,https://2b.com.eg/en/asus-tuf-gaming-f15-fx506hf-hn001w-intelr-coretmi5-11400h-8gb-512gb-ssd-nvidiar-geforcer-rtxtm-2050-4gb-15-6-fhd-win11-graphite-black.html,In stock",Asus,Deal
"EGP165,999.00",Lenovo Legion 7 Pro 16IRX8H,"13th GenerationIntel® Core™ i9-13900HX 24C (8P + 16E) / 32T, P-core 2.2 / 5.4GHz, E-core 1.6 / 3.9GHz, 36MB","NVIDIA® GeForce RTX™ 4090 16GB GDDR6, Boost Clock 2280MHz, TGP 175W",32 GB,Unspecified,1TB SSD M.2 2280 PCIe® 4.0x4 NVMe®,"16"" WQXGA (2560x1600)",High/Extreme-High,-,https://smhttp-ssl-73217.nexcesscdn.net/pub/media/catalog/product/cache/661473ab953cdcdf4c3b607144109b90/z/l/zl880-new.png,Gaming,"EGP165,999.00 'High/Extreme-High'","Gaming,https://2b.com.eg/en/lenovo-legion-7-pro-16irx8h-laptop-intelr-coretm-i9-13900hx-32gb-1tbssd-nvidiar-geforce-rtxtm-4090-16gb-16-wqxga-win11-onyx-grey.html,In stock Only 1 left",Lenovo,Deal
"EGP54,999.00",Lenovo LOQ 15APH8,"AMD Ryzen™ 7 7840HS (8C / 16T, 3.8 / 5.1GHz, 8MB L2 / 16MB L3)","NVIDIA® GeForce RTX™ 3050 6GB GDDR6, Boost Clock 1732MHz, TGP 95W",16 GB,Unspecified,512GB SSD M.2 2242 PCIe® 4.0x4 NVMe®,"15.6"" FHD (1920x1080)",High/Extreme-High,-,https://smhttp-ssl-73217.nexcesscdn.net/pub/media/catalog/product/cache/661473ab953cdcdf4c3b607144109b90/z/l/zl508.png,Gaming,"EGP54,999.00 'High/Extreme-High'","Gaming,https://2b.com.eg/en/lenovo-loq-15aph8-amd-ryzen-7-7840hs-16gb-512gb-ssd-nvidiar-geforcer-rtxtm-3050-6gb-15-6-fhd-win-11-storm-grey.html,In stock",Lenovo,Deal
"EGP50,999.00",Dell Inspiron 5530 G15,"11th Generation Intel® Core™ i7-13650HX (20 MB cache, 10 cores, 16 threads, up to 4.60 GHz Turbo)",NVIDIA® GeForce RTX™ 3050 6GB,16 GB,Unspecified,512GB M.2 PCIe NVMe,"15.6"" FHD 1920x1080",Medium,-,https://smhttp-ssl-73217.nexcesscdn.net/pub/media/catalog/product/cache/661473ab953cdcdf4c3b607144109b90/z/d/zd190.png,Gaming,"EGP50,999.00 'Medium'","Gaming,https://2b.com.eg/en/dell-gaming-5530-g15-intelr-coretm-i7-13650hx-16gb-512gb-ssd-nvidiar-geforce-rtxtm-3050-6gb-15-6-fhd-win-10-dark-shadow-grey.html,In stock Only 4 left",Dell,Deal
"EGP27,299.00",Lenovo Ideapad 3 Slim 15IRH8,"12 Gen Intel® Core™ i5-13420H, 8C (4P + 4E) / 12T, P-core 2.1 / 4.6GHz, E-core 1.5 / 3.4GHz, 12MB",UHD Graphics,8 GB,Unspecified,512GB SSD M.2 2242 PCIe® 4.0x4 NVMe®,"15.6"" FHD (1920x1080)",Low,-,https://smhttp-ssl-73217.nexcesscdn.net/pub/media/catalog/product/cache/661473ab953cdcdf4c3b607144109b90/z/l/zl437-new.png,Professional,"EGP27,299.00 'Low'","Professional,https://2b.com.eg/en/lenovo-ideapad-3-slim-15irh8-intelr-coretm-i5-13420h-8gb-512gb-ssd-intelr-uhd-graphics-15-6-fhd-win11-arctic-grey.html,In stock Only 1 left",Lenovo,Deal
"EGP53,999.00",MSI Prestige 13 AI Evo A1MG,"Intel® Core™ Ultra 7 Processor 155H 24M Cache, up to 4.80 GHz",Intel® Arc™ Graphics,16 GB,Unspecified,1x M.2 SSD slot (NVMe PCIe Gen4),"13.3"" 2.8K (2880x1800), OLED",High/Extreme-High,-,https://smhttp-ssl-73217.nexcesscdn.net/pub/media/catalog/product/cache/661473ab953cdcdf4c3b607144109b90/m/s/msi-mouse-m88.png,Professional,"EGP53,999.00 'High/Extreme-High'","Professional,https://2b.com.eg/en/msi-prestige-13-ai-evo-a1mg-laptop-intelr-coretm-ultra-7-155h-16gb-512gb-ssd-intelr-arctm-graphics-13-3-2-8k-oled-win11-stellar-gray.html,In stock Only 3 left",MSI,Deal
"EGP31,999.00",HP 15s-fq5043ne,"12th Gen Intel® Core™ i7-1255U (up to 4.7 GHz with Intel® Turbo Boost Technology, 12 MB L3 cache, 10 cores, 12 threads)",Intel® Iris® Xᵉ Graphics,8 GB,Unspecified,512 GB PCIe® NVMe™ M.2 SSD,"15.6""FHD 1920 x 1080",Low,-,https://smhttp-ssl-73217.nexcesscdn.net/pub/media/catalog/product/cache/661473ab953cdcdf4c3b607144109b90/z/h/zh387-1-2b_1.jpg,Professional,"EGP31,999.00 'Low'","Professional,https://2b.com.eg/en/hp-15s-fq5043ne-laptop-intelr-coretm-i7-1255u-8gb-512gb-ssd-intelr-irisr-x-graphics-15-6-fhd-win11-natural-silver.html,In stock",HP,Deal
"EGP29,499.00",ASUS Vivobook 15 X1504VA-NJ017W,"13 Gen. Intel® Core™ i7-1355U Processor 12M Cache, up to 5.00 GHz",Intel® Iris™ Xe Graphics,8 GB,Unspecified,512GB M.2 NVMe™ PCIe® 3.0 SSD,15.6'' FHD,Low,-,https://smhttp-ssl-73217.nexcesscdn.net/pub/media/catalog/product/cache/661473ab953cdcdf4c3b607144109b90/z/u/zu472.png,Professional,"EGP29,499.00 'Low'","Professional,https://2b.com.eg/en/asus-vivobook-15-x1504va-nj017w-laptop-intelr-coretm-i7-1355u-8gb-512gb-ssd-intelr-iris-xe-graphics-15-6-fhd-win11-quiet-blue.html,In stock",Asus,Deal
"EGP35,899.00",Vostro 3520,"Intel® Core™ i7-1255U (up to 4.7 GHz with Intel® Turbo Boost Technology, 12 MB L3 cache, 10 cores, 12 threads)",NVIDIA® GeForce MX550 2GB,8 GB,Unspecified,"512 GB, M.2, PCIe NVMe, SSD","15.6""FHD 1920 x 1080",Low,-,https://smhttp-ssl-73217.nexcesscdn.net/pub/media/catalog/product/cache/661473ab953cdcdf4c3b607144109b90/z/d/zd108_1.jpg,Professional,"EGP35,899.00 'Low'","Professional,https://2b.com.eg/en/dell-vostro-3520-intelr-coretm-i7-1255u-8gb-512-ssd-nvidiar-geforce-mx550-2gb-15-6-fhd-black.html,In stock",Dell,Deal
"EGP22,499.00",ASUS Vivobook Go 15 E1504FA-NJ005W,"AMD Ryzen™R5-7520U Mobile Processor 2.8GHz (4-core/8-thread, 4MB cache, up to 4.3 GHz max boost)",AMD Radeon Graphics,8 GB,Unspecified,512GB M.2 NVMe™ PCIe® 3.0 SSD,15.6'' FHD,Low,-,https://smhttp-ssl-73217.nexcesscdn.net/pub/media/catalog/product/cache/661473ab953cdcdf4c3b607144109b90/z/u/zu320.png,Professional,"EGP22,499.00 'Low'","Professional,https://2b.com.eg/en/asus-vivobook-go-15-e1504fa-nj005w-laptop-amd-ryzentm-r5-7520u-8gb-512gb-ssd-amd-radeontm-graphics-15-6-fhd-win11-cool-silver.html,In stock",Asus,Deal
"EGP17,999.00",Dell Vostro 3520,"12th Generation Intel® Core™ i3-1215U Processor 10M Cache, up to 4.40 GHz, with IPU",Intel UHD Graphics,8 GB,Unspecified,"512 GB, M.2 2230, PCIe NVMe Gen3 x4, SSD",15.6 FHD,Low,-,https://smhttp-ssl-73217.nexcesscdn.net/pub/media/catalog/product/cache/661473ab953cdcdf4c3b607144109b90/z/d/zd147.png,Professional,"EGP17,999.00 'Low'","Professional,https://2b.com.eg/en/dell-vostro-3520-laptop-intelr-coretm-i3-1215u-8gb-512gb-ssd-intelr-uhd-integrated-graphics-15-6-fhd-black.html,In stock",Dell,Deal
"EGP27,999.00",Dell Vostro 3520,"12th Generation Intel® Core™ i7-1255U Processor 12M Cache, up to 4.70 GHz",Intel® UHD Integrated Graphics,8 GB,Unspecified,512GB SSD,15.6'' FHD,Low,-,https://smhttp-ssl-73217.nexcesscdn.net/pub/media/catalog/product/cache/661473ab953cdcdf4c3b607144109b90/z/d/zd157-11.png,Professional,"EGP27,999.00 'Low'","Professional,https://2b.com.eg/en/dell-vostro-3520-intelr-coretm-i7-1255u-8gb-512gb-ssd-intelr-uhd-integrated-graphics-15-6-fhd-ubuntu-carbon-black.html,In stock",Dell,Deal
"EGP33,999.00",HP Pavilion Laptop 15-eh3001ne,"AMD Ryzen™ 7 7730U (up to 4.5 GHz max boost clock, 16 MB L3 cache, 8 cores, 16 threads)",AMD Radeon™ Integrated Graphics,16 GB,Unspecified,512 GB SSD,"15.6"" FHD",Low,-,https://smhttp-ssl-73217.nexcesscdn.net/pub/media/catalog/product/cache/661473ab953cdcdf4c3b607144109b90/z/h/zh439-1_1.png,Professional,"EGP33,999.00 'Low'","Professional,https://2b.com.eg/en/hp-pavalion-15-eh3001ne-amd-ryzentm-7-7730u-16gb-512gb-ssd-amd-radeontm-integrated-graphics-15-6-fhd-win11-blue.html,In stock",HP,Deal
"EGP34,999.00",HP 15s-fq5042ne,"12th Gen Intel® Core™ i7-1255U (up to 4.7 GHz with Intel® Turbo Boost Technology, 12 MB L3 cache, 10 cores, 12 threads)",Intel® Iris® Xᵉ Graphics,16 GB,Unspecified,512 GB PCIe® NVMe™ M.2 SSD,"15.6""FHD 1920 x 1080",Low,-,https://smhttp-ssl-73217.nexcesscdn.net/pub/media/catalog/product/cache/661473ab953cdcdf4c3b607144109b90/z/h/zh387-1-2b.jpg,Professional,"EGP34,999.00 'Low'","Professional,https://2b.com.eg/en/hp-15s-fq5042ne-laptop-intelr-coretm-i7-1255u-16gb-512gb-ssd-intelr-irisr-x-graphics-15-6-fhd-win11-natural-silver.html,In stock Only 4 left",HP,Deal
"EGP84,999.00",HP Spectre14-ef2008ne,"13th Gen Intel® EVO Core™ i7-1355U 12M Cache, up to 5.00 GHz",Intel® Iris® Xᵉ Graphics,16 GB,Unspecified,1 TB SSD,"(13.5"") diagonal, 3K2K (3000 x 2000), OLED, multitouch-enabled, UWVA,",High/Extreme-High,-,https://smhttp-ssl-73217.nexcesscdn.net/pub/media/catalog/product/cache/661473ab953cdcdf4c3b607144109b90/z/h/zh440-1.jpg,Professional,"EGP84,999.00 'High/Extreme-High'","Professional,https://2b.com.eg/en/hp-spectre14-ef2008ne-intelr-evo-coretm-i7-1355u-intelr-iris-xe-graphics-16gb-1tb-ssd-13-5-3k-oled-uwva-win11-nocturne-blue.html,In stock Only 1 left",HP,Deal
"EGP27,499.00",Lenovo IdeaPad Slim 3 15IRH8,"Intel® Core™ i5-13420H, 8C (4P + 4E) / 12T, P-core 2.1 / 4.6GHz, E-core 1.5 / 3.4GHz, 12MB",Intel® UHD Integrated Graphics,8 GB,Unspecified,512GB SSD M.2 2242 PCIe® 4.0x4 NVMe®,"15.6"" FHD (1920x1080)",Low,-,https://smhttp-ssl-73217.nexcesscdn.net/pub/media/catalog/product/cache/661473ab953cdcdf4c3b607144109b90/z/l/zl507-6_1_1.jpg,Professional,"EGP27,499.00 'Low'","Professional,https://2b.com.eg/en/lenovo-ideapad-slim-3-15iah8-intelr-coretm-i5-12450h-8gb-512gb-ssd-intelr-uhd-graphics-15-6-fhd-win-11-arctic-grey-1.html,In stock",Lenovo,Deal
"EGP15,999.00",MSI Modern 14 C12MO,"12 Gen. Intel® Core™ i3-1215U Processor 10M Cache, up to 4.40 GHz, with IPU",Intel® UHD Integrated Graphics,8 GB,Unspecified,1x M.2 SSD slot (NVMe PCIe Gen4),"14.0"" FHD (1920x1080)",Low,-,https://smhttp-ssl-73217.nexcesscdn.net/pub/media/catalog/product/cache/661473ab953cdcdf4c3b607144109b90/z/m/zm982_1.png,Professional,"EGP15,999.00 'Low'","Professional,https://2b.com.eg/en/msi-modern-14-c12mo-laptop-intelr-coretm-i3-1215u-8gb-256gb-ssd-intelr-uhd-integrated-graphics-14-fhd-classic-black.html,In stock",MSI,Deal
"EGP29,499.00",Lenovo IdeaPad 1 15IAU7,"12th Gen Intel® Core™ i7-1255U, 10C (2P + 8E) / 12T, P-core 1.7 / 4.7GHz, E-core 1.2 / 3.5GHz, 12MB",Intel® Iris™ Xe Graphics,8 GB,Unspecified,512GB SSD M.2 2242 PCIe® 4.0x4 NVMe,"15.6"" FHD 1920 x 1080",Low,-,https://smhttp-ssl-73217.nexcesscdn.net/pub/media/catalog/product/cache/661473ab953cdcdf4c3b607144109b90/z/l/zl419-zl419-new.png,Professional,"EGP29,499.00 'Low'","Professional,https://2b.com.eg/en/lenovo-ideapad-1-15iau7-laptop-intelr-coretm-i7-1255u-8gb-512gb-ssd-intel-iris-xe-graphics-15-6-fhd-win11-cloud-grey.html,In stock Only 2 left",Lenovo,Deal
"EGP15,999.00",Dell Vostro 3520,"12th Generation Intel® Core™ i3-1215U Processor 10M Cache, up to 4.40 GHz, with IPU",Intel UHD Graphics,4 GB,Unspecified,-,15.6 FHD 1920 x 1080,Low,-,https://smhttp-ssl-73217.nexcesscdn.net/pub/media/catalog/product/cache/661473ab953cdcdf4c3b607144109b90/z/d/zd147_1.png,Professional,"EGP15,999.00 'Low'","Professional,https://2b.com.eg/en/dell-vostro-3520-laptop-intelr-coretm-i3-1215u-4gb-256gb-ssd-intelr-uhd-integrated-graphics-15-6-fhd-ubuntu-carbon-black.html,In stock",Dell,Deal
"EGP28,999.00",K3502ZA-OLED005W,"12th Gen Intel® Core™ i5-12500H (up to 4.5 GHz with Intel® Turbo Boost Technology, 18 MB L3 cache, 12 cores, 16 threads)",Intel® Iris Xe Graphics,16 GB,Unspecified,512GB SSD,"15.6-inch, FHD (1920 x 1080) OLED",Low,-,https://smhttp-ssl-73217.nexcesscdn.net/pub/media/catalog/product/cache/661473ab953cdcdf4c3b607144109b90/z/u/zu399-evo-i5.jpg,Professional,"EGP28,999.00 'Low'","Professional,https://2b.com.eg/en/asus-vivobook-s15-oled-k3502za-oled005w-intelr-coretm-i5-12500h-16gb-512gb-ssd-intelr-iris-xe-graphics-15-6-fhd-oled-win11-brave-green.html,In stock",Asus,Deal
"EGP18,499.00",Huawei Matebook D15,"11th Generation Intel® Core™ i3-1115G4 Processor 6M Cache, up to 4.10 GHz",Intel UHD Graphics,8 GB,Unspecified,256 GB SSD,15.6 FHD 1920 x 1080,Low,-,https://smhttp-ssl-73217.nexcesscdn.net/pub/media/catalog/product/cache/661473ab953cdcdf4c3b607144109b90/z/m/zm038-zm038.png,Professional,"EGP18,499.00 'Low'","Professional,https://2b.com.eg/en/huawei-matebook-d15-laptop-intelr-coretm-i3-1115g4-8gb-256gb-ssd-intelr-uhd-graphics-15-6-fhd-win11-mystic-silver.html,In stock",Huawei,Deal
"EGP33,999.00",15-eh3000ne,"AMD Ryzen™ 7 7730U (up to 4.5 GHz max boost clock, 16 MB L3 cache, 8 cores, 16 threads)",AMD Radeon™ Integrated Graphics,16 GB,Unspecified,512 GB SSD,"15.6"" FHD",Low,-,https://smhttp-ssl-73217.nexcesscdn.net/pub/media/catalog/product/cache/661473ab953cdcdf4c3b607144109b90/z/h/zh438-1_1.png,Professional,"EGP33,999.00 'Low'","Professional,https://2b.com.eg/en/hp-pavalion-15-eh3000ne-amd-ryzentm-7-7730u-16gb-512gb-ssd-amd-radeontm-integrated-graphics-15-6-fhd-win11-natural-silver.html,In stock",HP,Deal
"EGP74,777.00",ASUS Vivobook S15 OLED S5507QA-MA001W,"Snapdragon® X Elite X1E 78 100 Processor 3.4GHz (42MB Cache, up to 3.4GHz, 12 cores, 12 Threads)",Qualcomm® Adreno™ GPU,32 GB,Unspecified,1TB M.2 NVMe™ PCIe® 4.0 SSD,15.6-inch 3K (2880 x 1620) OLED,High/Extreme-High,-,https://smhttp-ssl-73217.nexcesscdn.net/pub/media/catalog/product/cache/661473ab953cdcdf4c3b607144109b90/z/u/zu913.png,Professional,"EGP74,777.00 'High/Extreme-High'","Professional,https://2b.com.eg/en/asus-vivobook-s15-oled-s5507qa-ma001w-laptop-snapdragonr-x-elite-x1e-8-100-32gb-1tb-ssd-qualcommr-adrenotm-gpu-15-6-3k-oled-win11-silver.html,In stock Only 2 left",Asus,Deal
"EGP24,499.00",X1504ZA-NJ005W,"12 Gen. Intel® Core™ i5-1235U Processor 12M Cache, up to 4.40 GHz, with IPU",Intel UHD Graphics,8 GB,Unspecified,512GB M.2 NVMe™ PCIe® 4.0 SSD,15.6'' FHD,Low,-,https://smhttp-ssl-73217.nexcesscdn.net/pub/media/catalog/product/cache/661473ab953cdcdf4c3b607144109b90/z/u/zu614.png,Professional,"EGP24,499.00 'Low'","Professional,https://2b.com.eg/en/asus-vivobook-15-x1504za-nj005w-laptop-intelr-coretm-i5-1235u-8gb-512gb-ssd-intelr-uhd-graphics-15-6-fhd-win11-quiet-blue.html,In stock",Asus,Deal
"EGP29,999.00",ASUS Vivobook Go 15 OLED E1504FA-OLED005,"AMD Ryzen™ 5 7520U Mobile Processor 2.8GHz (4-core/8-thread, 4MB cache, up to 4.3 GHz max boost)",AMD Radeon™ Graphics,8 GB,Unspecified,512GB M.2 NVMe™ PCIe® 3.0 SSD,"15.6-inch, FHD (1920 x 1080) OLED",Low,-,https://smhttp-ssl-73217.nexcesscdn.net/pub/media/catalog/product/cache/661473ab953cdcdf4c3b607144109b90/z/u/zu368.jpg,Professional,"EGP29,999.00 'Low'","Professional,https://2b.com.eg/en/asus-vivobook-go-15-oled-e1504fa-oled005w-r5-7520u-8gb-512gb-amd-radeontm-graphics-15-6-fhd-win-11-green-grey.html,In stock Only 2 left",Asus,Deal
"EGP33,999.00",Lenovo Ideapad 3 Slim,"13 Gen Intel® Core™ i7-13620H Processor 24M Cache, up to 4.90 GHz",UHD Graphics,16 GB,Unspecified,512GB SSD M.2 2242 PCIe® 4.0x4 NVMe®,"15.6 "" FHD",Low,-,https://smhttp-ssl-73217.nexcesscdn.net/pub/media/catalog/product/cache/661473ab953cdcdf4c3b607144109b90/z/l/zl458.png,Professional,"EGP33,999.00 'Low'","Professional,https://2b.com.eg/en/lenovo-ideapad-3-slim-laptop-intelr-coretm-i7-13620h-16gb-512gb-ssd-intelr-uhd-graphics-13-3-fhd-win11-grey.html,In stock",Lenovo,Deal
"EGP29,499.00",Lenovo IdeaPad 1 15IAU7,"Intel® Core™ i7-1255U, 10C (2P + 8E) / 12T, P-core 1.7 / 4.7GHz, E-core 1.2 / 3.5GHz, 12MB",Intel® Iris Xe Graphics,8 GB,Unspecified,512GB SSD M.2 2242 PCIe® 4.0x4 NVMe®,"15.6"" FHD (1920x1080)",Low,-,https://smhttp-ssl-73217.nexcesscdn.net/pub/media/catalog/product/cache/661473ab953cdcdf4c3b607144109b90/z/l/zl424-1.png,Professional,"EGP29,499.00 'Low'","Professional,https://2b.com.eg/en/lenovo-ideapad-1-15iau7-laptop-intelr-coretm-i7-1255u-8gb-512gb-ssd-intelr-iris-xe-graphics-15-6-fhd-win11-abyss-blue.html,In stock",Lenovo,Deal
"EGP21,499.00",Dell Vostro 3520,"12th Generation Intel® Core™ i5-1235U Processor 12M Cache, up to 4.40 GHz, with IPU",Intel® Iris™ Xe Graphics,8 GB,Unspecified,"512 GB, M.2 2230, PCIe NVMe Gen3 x4, SSD",15.6 FHD,Low,-,https://smhttp-ssl-73217.nexcesscdn.net/pub/media/catalog/product/cache/661473ab953cdcdf4c3b607144109b90/z/d/zd135_1.jpg,Professional,"EGP21,499.00 'Low'","Professional,https://2b.com.eg/en/dell-vostro-3520-laptop-intelr-coretm-i5-1235u-8gb-512gb-ssd-intelr-uhd-integrated-graphics-15-6-fhd-black.html,In stock",Dell,Deal
"EGP25,999.00",ASUS Vivobook 16 X1605VA-MB122W,Intel Core i5,Intel® UHD Integrated Graphics,8 GB,Unspecified,512GB M.2 NVMe™ PCIe® 3.0 SSD,"16"" WUXGA",Low,-,https://smhttp-ssl-73217.nexcesscdn.net/pub/media/catalog/product/cache/661473ab953cdcdf4c3b607144109b90/n/e/neeeeeew-laptop-recovered-recovered.png,Professional,"EGP25,999.00 'Low'","Professional,https://2b.com.eg/en/asus-vivobook-16-x1605va-mb122w-laptop-intelr-coretm-i5-1335u-8gb-512gb-ssd-intelr-uhd-integrated-graphics-16-wuxga-win-11-black.html,In stock Only 5 left",Asus,Deal
"EGP25,199.00",A1502ZA-EJ005W,"12 Gen. Intel® Core™ i5-12500H Processor 18M Cache, up to 4.50 GHz",Intel UHD Graphics,8 GB,Unspecified,512GB M.2 NVMe™ PCIe® 4.0 SSD,15.6'' FHD,Low,-,https://smhttp-ssl-73217.nexcesscdn.net/pub/media/catalog/product/cache/661473ab953cdcdf4c3b607144109b90/z/u/zu614_1.png,Professional,"EGP25,199.00 'Low'","Professional,https://2b.com.eg/en/15-a1502za-ej005w-r-tm-i5-12500h-8-512-ssd-intelr-uhd-graphics-15-6-fhd-11.html,In stock",Asus,Deal
"EGP39,999.00",ASUS Zenbook 14 OLED UP3404VA-OLED005W,"13th Gen Intel® Core™ i5-1340P Processor 12M Cache, up to 4.60 GHz",Intel® Iris Xe Graphics,8 GB,Unspecified,512GB M.2 NVMe™ PCIe® 4.0 SSD,"14"" OLED",Medium,-,https://smhttp-ssl-73217.nexcesscdn.net/pub/media/catalog/product/cache/661473ab953cdcdf4c3b607144109b90/z/u/zu280-1.png,Professional,"EGP39,999.00 'Medium'","Professional,https://2b.com.eg/en/asus-zenbook-14-oled-up3404va-oled005w-laptop-intelr-coretmi5-1340p-8gb-512gb-ssd-intelr-iris-xe-graphics-14-oled-win11-ponder-blue.html,In stock Only 1 left",Asus,Deal
"EGP24,999.00",Asus Vivobook 15 X1502ZA-BQ005W,"11 gen Intel®Core™ i5-1235U Processor 1.3 GHz (12M Cache, up to 4.4 GHz, 10 cores)",*Intel Iris Xᵉ Graphics is only available in models with Intel® Core™ i5/i7/i9 processors and dual-channel memory,8 GB,Unspecified,512GB M.2 NVMe™ PCIe® 3.0 SSD,"15.6"" FHD 1920x1080",Low,-,https://smhttp-ssl-73217.nexcesscdn.net/pub/media/catalog/product/cache/661473ab953cdcdf4c3b607144109b90/z/u/zu327.png,Professional,"EGP24,999.00 'Low'","Professional,https://2b.com.eg/en/asus-vivobook-15-x1502za-bq005w-intelr-coretmi5-1235u-8gb-512gb-ssd-intel-uhd-graphics-15-6-fhd-win11-quiet-blue.html,Out Of Stock",Asus,Deal
"EGP28,999.00",ASUS Vivobook 16 X1605VA-MB005W,"13 gen Intel® Core™ Intel® Core™ i5-13500H Processor 2.6 GHz (18MB Cache, up to 4.7 GHz, 12 cores, 16 Threads)",*Intel Iris Xᵉ Graphics is only available in models with Intel® Core™ i5/i7/i9 processors and dual-channel memory,8 GB,Unspecified,512GB M.2 NVMe™ PCIe® 3.0,"16.0-inch, WUXGA (1920 x 1200)",Low,-,https://smhttp-ssl-73217.nexcesscdn.net/pub/media/catalog/product/cache/661473ab953cdcdf4c3b607144109b90/z/u/zu365.png,Professional,"EGP28,999.00 'Low'","Professional,https://2b.com.eg/en/asus-vivobook-16-x1605va-mb005w-laptop-intelr-coretmi5-13500h-8gb-512gb-ssd-intelr-uhd-graphics-16-0-wuxga-win-11-indie-black.html,In stock",Asus,Deal
"EGP18,799.00",HP 15s-eq1002ne,"AMD Ryzen™ 3 3250U Processor 2.6GHz Base Frequency ( 2 cores, 4 threads, Up to 3.5GHz, 4MB cache)",AMD Radeon Integrated Graphics,4 GB,Unspecified,256 GB PCIe® NVMe™ M.2 SSD,"39.6 cm (15.6"") diagonal,",Low,-,https://smhttp-ssl-73217.nexcesscdn.net/pub/media/catalog/product/cache/661473ab953cdcdf4c3b607144109b90/z/h/zh389-22.jpg,Student,"EGP18,799.00 'Low'","Student,https://2b.com.eg/en/hp-15s-eq1002ne-amd-ryzen-3-3250u-dual-4-gb-256-gb-ssd-amd-radeon-integrated-graphics-15-6-hd-win11-natural-silver.html,In stock Only 1 left",HP,Deal
"EGP23,999.00",Lenovo IdeaPad Slim 3 15AMN8,"AMD Ryzen™ 5 7520U (4C / 8T, 2.8 / 4.3GHz, 2MB L2 / 4MB L3)",AMD Radeon™ Graphics,8 GB,Unspecified,512GB SSD M.2 2242 PCIe® 4.0x4 NVMe®,"15.6"" FHD (1920x1080)",Low,-,https://smhttp-ssl-73217.nexcesscdn.net/pub/media/catalog/product/cache/661473ab953cdcdf4c3b607144109b90/z/l/zl379.png,Student,"EGP23,999.00 'Low'","Student,https://2b.com.eg/en/lenovo-ideapad-slim-3-15amn8-amd-ryzentm-5-7520u-8gb-512gb-ssd-amd-radeontm-graphics-15-6-fhd-win11-arctic-grey.html,In stock",Lenovo,Deal
"EGP19,499.00",Vostro 3510,"Intel® Core™ i3-1115G4 (6 MB Cache, 2 Core, 4 Threads, 3.00 GHz to 4.10 GHz)",Intel UHD Graphics,4 GB,Unspecified,"M.2 2230, 256 GB","15.6""HD 1366 x 768",Low,-,https://smhttp-ssl-73217.nexcesscdn.net/pub/media/catalog/product/cache/661473ab953cdcdf4c3b607144109b90/z/d/zd109-4.jpg,Student,"EGP19,499.00 'Low'","Student,https://2b.com.eg/en/dell-vostro-3510-intelr-coretm-i3-1115g4-4gb-256gb-ssd-intelr-uhd-integrated-graphics-15-6-hd-black.html,In stock",Dell,Deal
"EGP18,999.00",HP 15s-eq1001ne,"AMD Ryzen™ 3 3250U Processor 2.6GHz Base Frequency ( 2 cores, 4 threads, Up to 3.5GHz, 4MB cache)",AMD Radeon Integrated Graphics,4 GB,Unspecified,256 GB PCIe® NVMe™ M.2 SSD,"39.6 cm (15.6"") diagonal,HD (1920 x 1080), micro-edge",Low,-,https://smhttp-ssl-73217.nexcesscdn.net/pub/media/catalog/product/cache/661473ab953cdcdf4c3b607144109b90/z/h/zh399-1-2b-1.jpg,Student,"EGP18,999.00 'Low'","Student,https://2b.com.eg/en/hp-15s-eq1001ne-amd-ryzen-3-3250u-dual-4-gb-256-gb-ssd-amd-radeon-integrated-graphics-15-6-hd-win11-black.html,In stock Only 1 left",HP,Deal
"EGP17,199.00",Lenovo IdeaPad 1 15IAU7,"Intel® Core™ i3-1215U, 6C (2P + 4E) / 8T, P-core 1.2 / 4.4GHz, E-core 0.9 / 3.3GHz, 10MB",Intel UHD Graphics,4 GB,Unspecified,256GB SSD M.2 2242 PCIe® 4.0x4 NVMe®,"15.6"" HD (1366x768)",Low,-,https://smhttp-ssl-73217.nexcesscdn.net/pub/media/catalog/product/cache/661473ab953cdcdf4c3b607144109b90/z/l/zl417-zl417-zl417.png,Student,"EGP17,199.00 'Low'","Student,https://2b.com.eg/en/lenovo-ideapad-1-15iau7-laptop-intelr-coretm-i3-1215u-4gb-256gb-ssd-intel-uhd-graphics-15-6-hd-win11-cloud-grey.html,In stock",Lenovo,Deal
"EGP18,499.00",huawei matebook d14 laptop intelr coretm,"11th Generation Intel® Core™ i3-1115G4 Processor 6M Cache, up to 4.10 GHz",Intel UHD Graphics,8 GB,Unspecified,256GB NVMe PCle SSD,-,Low,-,https://smhttp-ssl-73217.nexcesscdn.net/pub/media/catalog/product/cache/661473ab953cdcdf4c3b607144109b90/z/m/zm035-1.png,Student,"EGP18,499.00 'Low'","Student,https://2b.com.eg/en/huawei-matebook-d14-laptop-intelr-coretm-i3-1115g4-8gb-256gb-ssd-intelr-uhd-graphics-14-inch-win11-mystic-silver.html,In stock",Huawei,Deal
"EGP17,999.00",Lenovo Ideapad 1 15IAU7,"Intel® Core™ i3-1215U, 6C (2P + 4E) / 8T, P-core 1.2 / 4.4GHz, E-core 0.9 / 3.3GHz, 10MB",Intel® UHD Integrated Graphics,8 GB,Unspecified,256GB SSD M.2 2242 PCIe® 4.0x4 NVMe®,"15.6"" HD (1366x768)",Low,-,https://smhttp-ssl-73217.nexcesscdn.net/pub/media/catalog/product/cache/661473ab953cdcdf4c3b607144109b90/z/l/zl434-1.png,Student,"EGP17,999.00 'Low'","Student,https://2b.com.eg/en/lenovo-ideapad-1-15iau7-laptop-intelr-coretm-i3-1215u-8gb-256gb-ssd-intelr-uhd-integrated-graphics-15-6-hd-win11-abyss-blue.html,In stock",Lenovo,Deal
"EGP17,499.00",14-em0004ne,"AMD Ryzen™ 3 7320U (up to 4.1 GHz max boost clock, 4 MB L3 cache, 4 cores, 8 threads)",AMD Radeon™ Integrated Graphics,4 GB,Unspecified,256 GB SSD,"14"" HD",Low,-,https://smhttp-ssl-73217.nexcesscdn.net/pub/media/catalog/product/cache/661473ab953cdcdf4c3b607144109b90/z/h/zhzhzh_1.png,Student,"EGP17,499.00 'Low'","Student,https://2b.com.eg/en/hp-14-em0004ne-laptop-amd-ryzentm-r3-7320u-4gb-256gb-ssd-amd-radeontm-integrated-graphics-14-hd-win11-natural-silver.html,In stock",HP,Deal
